0;0;0;0;land;false;unknown;0
1;157;160;197;land;false;plains;1
2;166;196;224;land;false;plains;1
3;154;208;176;land;false;plains;1
4;103;208;193;land;false;plains;1
5;232;234;139;land;false;plains;1
6;227;230;47;land;false;plains;1
7;225;164;161;land;false;plains;1
8;253;150;112;land;true;plains;1
9;235;139;223;land;false;plains;1
10;211;206;239;land;false;plains;1
11;187;229;185;land;true;plains;1
12;186;254;223;land;true;plains;1
13;207;141;190;land;false;plains;1
14;148;165;231;land;false;plains;1
15;229;101;188;land;false;plains;1
16;171;209;133;land;false;plains;1
17;211;213;246;land;false;plains;1
18;82;223;211;land;false;plains;1
19;225;161;254;land;false;plains;1
20;238;184;131;land;false;plains;1
21;73;222;207;land;true;plains;1
22;223;139;208;land;false;plains;1
23;249;132;233;land;true;plains;1
24;211;240;251;land;false;plains;1
25;193;189;242;land;true;plains;1
26;197;211;128;land;false;plains;1
27;152;157;246;land;false;plains;1
28;202;204;193;land;true;plains;1
29;148;119;254;land;false;plains;1
30;230;73;247;land;false;plains;1
31;148;123;230;land;false;plains;1
32;236;57;243;land;false;plains;1
33;251;223;113;land;true;plains;1
34;165;208;231;land;true;plains;1
35;217;162;214;land;false;plains;1
36;206;207;229;land;false;plains;1
37;229;226;124;land;false;plains;1
38;192;150;241;land;false;plains;1
39;151;181;182;land;true;plains;1
40;90;248;178;land;false;plains;1
41;233;119;163;land;false;plains;1
42;164;254;206;land;false;plains;1
43;245;202;233;land;false;plains;1
44;155;193;232;land;false;plains;1
45;238;170;128;land;false;plains;1
46;238;170;226;land;false;plains;1
47;199;208;149;land;true;plains;1
48;251;222;35;land;false;plains;1
49;234;186;246;land;false;plains;1
50;234;163;125;land;true;plains;1
51;188;103;213;land;false;plains;1
52;158;165;185;land;false;plains;1
53;196;214;150;land;false;plains;1
54;218;141;243;land;false;plains;1
55;190;203;228;land;false;plains;1
56;209;239;98;land;false;plains;1
57;237;224;172;land;false;plains;1
58;209;251;227;land;false;plains;1
59;118;218;193;land;true;plains;1
60;167;229;232;land;false;plains;1
61;250;220;49;land;false;plains;1
62;208;99;212;land;false;plains;1
63;196;156;231;land;false;plains;1
64;164;172;181;land;false;plains;1
65;138;209;231;land;false;plains;1
66;246;131;221;land;false;plains;1
67;251;212;247;land;false;plains;1
68;188;91;250;land;false;plains;1
69;188;161;251;land;false;plains;1
70;203;153;254;land;false;plains;1
71;227;243;103;land;false;plains;1
72;138;202;161;land;false;plains;1
73;88;228;217;land;false;plains;1
74;182;206;245;land;false;plains;1
75;173;177;193;land;false;plains;1
76;175;203;216;land;false;plains;1
77;222;95;221;land;false;plains;1
78;157;164;208;land;false;plains;1
79;246;116;194;land;false;plains;1
80;140;252;115;land;true;plains;1
81;247;236;129;land;false;plains;1
82;228;240;159;land;false;plains;1
83;246;62;230;land;true;plains;1
84;224;197;117;land;false;plains;1
85;212;205;141;land;false;plains;1
86;175;215;247;land;false;plains;1
87;147;229;156;land;false;plains;1
88;213;159;198;land;false;plains;1
89;189;214;137;land;false;plains;1
90;202;148;169;land;false;plains;1
91;150;232;240;land;false;plains;1
92;38;220;248;land;false;plains;1
93;174;236;101;land;false;plains;1
94;228;165;204;land;false;plains;1
95;142;212;212;land;false;plains;1
96;103;176;239;land;false;plains;1
97;188;225;115;land;false;plains;1
98;223;222;166;land;false;plains;1
99;216;223;130;land;false;plains;1
100;188;240;243;land;false;plains;1
101;126;208;203;land;false;plains;1
102;181;241;199;land;true;plains;1
103;232;195;171;land;false;plains;1
104;146;220;153;land;false;plains;1
105;170;179;241;land;false;plains;1
106;169;172;231;land;false;plains;1
107;244;185;185;land;false;plains;1
108;54;240;254;land;false;plains;1
109;38;240;248;land;false;plains;1
110;228;202;202;land;false;plains;1
111;164;219;140;land;false;plains;1
112;214;167;233;land;false;plains;1
113;253;33;227;land;false;plains;1
114;190;146;187;land;false;plains;1
115;191;100;239;land;true;plains;1
116;228;160;171;land;false;plains;1
117;114;196;252;land;false;plains;1
118;182;245;167;land;false;plains;1
119;189;226;159;land;true;plains;1
120;244;236;137;land;false;plains;1
121;177;144;182;land;true;plains;1
122;207;144;241;land;false;plains;1
123;117;215;182;land;false;plains;1
124;187;245;166;land;false;plains;1
125;213;201;208;land;false;plains;1
126;233;72;210;land;false;plains;1
127;116;203;227;land;false;plains;1
128;237;240;241;land;true;plains;1
129;201;196;108;land;true;plains;1
130;81;238;197;land;false;plains;1
131;74;211;216;land;false;plains;1
132;146;186;237;land;false;plains;1
133;218;162;142;land;true;plains;1
134;163;214;167;land;false;plains;1
135;241;95;193;land;false;plains;1
136;249;174;107;land;false;plains;1
137;116;231;186;land;false;plains;1
138;225;247;236;land;false;plains;1
139;241;153;161;land;true;plains;1
140;247;212;166;land;false;plains;1
141;140;236;217;land;true;plains;1
142;220;186;233;land;true;plains;1
143;240;204;183;land;false;plains;1
144;223;125;215;land;false;plains;1
145;253;224;85;land;false;plains;1
146;140;229;182;land;false;plains;1
147;101;217;243;land;false;plains;1
148;203;252;170;land;false;plains;1
149;50;216;235;land;false;plains;1
150;153;236;216;land;false;plains;1
151;206;141;168;land;false;plains;1
152;72;246;254;land;false;plains;1
153;195;223;157;land;false;plains;1
154;220;84;217;land;true;plains;1
155;208;153;206;land;false;plains;1
156;146;123;252;land;false;plains;1
157;190;200;131;land;false;plains;1
158;240;239;123;land;false;plains;1
159;245;226;36;land;true;plains;1
160;233;252;41;land;false;plains;1
161;145;213;247;land;false;plains;1
162;126;244;137;land;false;plains;1
163;121;227;226;land;false;plains;1
164;236;198;84;land;false;plains;1
165;219;217;183;land;false;plains;1
166;246;211;232;land;false;plains;1
167;246;240;189;land;true;plains;1
168;224;171;175;land;false;plains;1
169;252;240;64;land;false;plains;1
170;248;196;119;land;false;plains;1
171;242;249;208;land;false;plains;1
172;242;252;131;land;false;plains;1
173;244;123;237;land;false;plains;1
174;119;173;228;land;false;plains;1
175;143;207;248;land;false;plains;1
176;198;190;200;land;false;plains;1
177;212;212;229;land;false;plains;1
178;165;234;139;land;false;plains;1
179;74;240;247;land;false;plains;1
180;230;207;154;land;true;plains;1
181;182;87;253;land;false;plains;1
182;189;136;204;land;false;plains;1
183;236;104;219;land;false;plains;1
184;240;70;247;land;true;plains;1
185;60;229;231;land;false;plains;1
186;194;201;228;land;false;plains;1
187;165;185;215;land;true;plains;1
188;211;167;251;land;false;plains;1
189;201;236;220;land;false;plains;1
190;225;117;193;land;true;plains;1
191;227;83;252;land;false;plains;1
192;155;208;215;land;false;plains;1
193;226;194;118;land;false;plains;1
194;191;167;154;land;false;plains;1
195;239;181;100;land;true;plains;1
196;198;236;112;land;true;plains;1
197;76;253;190;land;false;plains;1
198;142;235;138;land;false;plains;1
199;249;171;151;land;true;plains;1
200;249;134;247;land;false;plains;1
201;227;238;148;land;false;plains;1
202;243;197;198;land;false;plains;1
203;157;189;182;land;false;plains;1
204;127;224;178;land;true;plains;1
205;197;217;160;land;false;plains;1
206;148;193;206;land;false;plains;1
207;112;152;242;land;false;plains;1
208;206;109;246;land;false;plains;1
209;176;132;226;land;false;plains;1
210;165;115;250;land;false;plains;1
211;231;220;152;land;false;plains;1
212;156;253;179;land;false;plains;1
213;244;177;225;land;false;plains;1
214;134;239;245;land;false;plains;1
215;226;247;140;land;false;plains;1
216;247;213;145;land;false;plains;1
217;220;204;108;land;false;plains;1
218;252;201;254;land;false;plains;1
219;139;227;177;land;false;plains;1
220;251;205;123;land;false;plains;1
221;203;225;175;land;false;plains;1
222;212;95;204;land;false;plains;1
223;226;154;140;land;true;plains;1
224;165;191;186;land;false;plains;1
225;199;214;159;land;false;plains;1
226;225;46;243;land;false;plains;1
227;147;206;242;land;true;plains;1
228;206;213;194;land;false;plains;1
229;253;104;207;land;true;plains;1
230;253;243;129;land;true;plains;1
231;209;198;136;land;true;plains;1
232;246;219;173;land;false;plains;1
233;204;247;129;land;false;plains;1
234;252;201;86;land;false;plains;1
235;230;252;177;land;false;plains;1
236;150;155;246;land;false;plains;1
237;74;198;243;land;true;plains;1
238;244;215;158;land;false;plains;1
239;183;222;133;land;false;plains;1
240;173;236;106;land;false;plains;1
241;238;154;139;land;false;plains;1
242;25;253;223;land;true;plains;1
243;197;108;241;land;true;plains;1
244;225;170;234;land;true;plains;1
245;145;159;201;land;false;plains;1
246;224;254;202;land;true;plains;1
247;231;160;235;land;false;plains;1
248;247;206;98;land;false;plains;1
249;156;181;221;land;false;plains;1
250;178;198;170;land;false;plains;1
251;228;52;238;land;false;plains;1
252;190;106;227;land;false;plains;1
253;230;110;254;land;false;plains;1
254;202;181;118;land;false;plains;1
255;147;247;122;land;false;plains;1
256;217;190;175;land;true;plains;1
257;92;196;248;land;false;plains;1
258;200;233;161;land;false;plains;1
259;55;211;251;land;false;plains;1
260;198;89;228;land;false;plains;1
261;113;234;181;land;false;plains;1
262;239;193;126;land;true;plains;1
263;229;162;146;land;true;plains;1
264;54;251;232;land;false;plains;1
265;232;219;51;land;false;plains;1
266;247;134;156;land;false;plains;1
267;109;228;170;land;false;plains;1
268;203;216;234;land;false;plains;1
269;224;201;91;land;true;plains;1
270;236;132;202;land;false;plains;1
271;146;254;136;land;false;plains;1
272;223;119;231;land;false;plains;1
273;253;190;194;land;false;plains;1
274;228;106;226;land;false;plains;1
275;185;230;171;land;false;plains;1
276;11;242;252;land;false;plains;1
277;232;216;182;land;false;plains;1
278;82;248;181;land;false;plains;1
279;220;192;121;land;false;plains;1
280;203;140;235;land;false;plains;1
281;235;241;164;land;false;plains;1
282;242;239;39;land;false;plains;1
283;137;193;241;land;true;plains;1
284;148;249;239;land;false;plains;1
285;222;179;151;land;false;plains;1
286;174;161;241;land;false;plains;1
287;160;177;190;land;false;plains;1
288;236;180;136;land;false;plains;1
289;202;194;209;land;true;plains;1
290;231;158;135;land;false;plains;1
291;194;253;214;land;false;plains;1
292;247;146;111;land;false;plains;1
293;168;245;160;land;true;plains;1
294;218;227;212;land;true;plains;1
295;103;200;221;land;false;plains;1
296;193;208;234;land;true;plains;1
297;254;234;36;land;false;plains;1
298;221;254;163;land;false;plains;1
299;232;138;166;land;false;plains;1
300;212;225;238;land;false;plains;1
301;122;246;221;land;true;plains;1
302;216;178;191;land;false;plains;1
303;110;251;220;land;true;plains;1
304;167;192;152;land;false;plains;1
305;252;75;253;land;false;plains;1
306;210;73;228;land;false;plains;1
307;174;150;223;land;false;plains;1
308;249;230;66;land;false;plains;1
309;125;208;188;land;true;plains;1
310;136;199;211;land;false;plains;1
311;105;241;199;land;false;plains;1
312;239;224;242;land;false;plains;1
313;234;161;211;land;true;plains;1
314;245;187;81;land;false;plains;1
315;197;206;115;land;false;plains;1
316;146;179;232;land;false;plains;1
317;200;195;126;land;false;plains;1
318;223;240;228;land;false;plains;1
319;239;191;189;land;false;plains;1
320;252;185;184;land;false;plains;1
321;244;49;235;land;false;plains;1
322;164;252;181;land;false;plains;1
323;224;113;206;land;false;plains;1
324;241;122;198;land;false;plains;1
325;213;253;48;land;false;plains;1
326;202;165;142;land;false;plains;1
327;212;190;186;land;false;plains;1
328;195;197;230;land;false;plains;1
329;152;188;240;land;false;plains;1
330;238;213;86;land;false;plains;1
331;211;188;103;land;false;plains;1
332;208;244;84;land;false;plains;1
333;173;132;249;land;false;plains;1
334;247;46;229;land;false;plains;1
335;133;205;205;land;false;plains;1
336;221;201;82;land;false;plains;1
337;170;157;225;land;true;plains;1
338;203;253;64;land;false;plains;1
339;154;146;226;land;false;plains;1
340;164;216;230;land;false;plains;1
341;227;238;105;land;false;plains;1
342;162;233;251;land;true;plains;1
343;163;240;162;land;false;plains;1
344;214;254;210;land;true;plains;1
345;248;144;206;land;false;plains;1
346;221;181;250;land;false;plains;1
347;214;248;110;land;false;plains;1
348;201;207;204;land;false;plains;1
349;116;230;247;land;false;plains;1
350;159;173;252;land;false;plains;1
351;157;229;179;land;false;plains;1
352;223;190;171;land;false;plains;1
353;253;241;163;land;false;plains;1
354;183;197;158;land;false;plains;1
355;85;188;243;land;false;plains;1
356;239;165;136;land;false;plains;1
357;205;132;170;land;false;plains;1
358;203;205;162;land;true;plains;1
359;251;188;215;land;false;plains;1
360;84;251;167;land;false;plains;1
361;230;227;125;land;false;plains;1
362;95;191;243;land;false;plains;1
363;203;144;243;land;false;plains;1
364;170;205;224;land;false;plains;1
365;240;91;220;land;false;plains;1
366;224;138;175;land;false;plains;1
367;103;216;202;land;false;plains;1
368;207;119;209;land;true;plains;1
369;203;176;183;land;false;plains;1
370;208;58;246;land;false;plains;1
371;143;197;240;land;true;plains;1
372;206;229;184;land;true;plains;1
373;168;218;140;land;false;plains;1
374;230;205;139;land;false;plains;1
375;237;162;216;land;true;plains;1
376;249;82;182;land;false;plains;1
377;185;181;138;land;false;plains;1
378;201;185;237;land;false;plains;1
379;160;238;173;land;false;plains;1
380;253;216;234;land;false;plains;1
381;248;225;148;land;false;plains;1
382;149;244;152;land;true;plains;1
383;229;238;105;land;false;plains;1
384;232;96;189;land;true;plains;1
385;205;146;178;land;false;plains;1
386;125;215;247;land;false;plains;1
387;175;245;87;land;false;plains;1
388;174;192;140;land;false;plains;1
389;216;148;225;land;false;plains;1
390;115;191;195;land;false;plains;1
391;108;245;167;land;true;plains;1
392;253;13;241;land;false;plains;1
393;240;80;254;land;false;plains;1
394;170;147;201;land;true;plains;1
395;241;251;59;land;false;plains;1
396;140;186;201;land;false;plains;1
397;169;191;186;land;true;plains;1
398;187;240;211;land;false;plains;1
399;139;169;239;land;false;plains;1
400;222;238;56;land;true;plains;1
401;111;193;240;land;false;plains;1
402;244;240;47;land;true;plains;1
403;175;248;110;land;false;plains;1
404;230;184;136;land;false;plains;1
405;152;252;115;land;false;plains;1
406;224;185;253;land;false;plains;1
407;236;202;164;land;false;plains;1
408;208;212;109;land;true;plains;1
409;180;197;253;land;false;plains;1
410;217;127;177;land;false;plains;1
411;234;238;131;land;false;plains;1
412;235;151;180;land;true;plains;1
413;199;154;190;land;false;plains;1
414;227;139;239;land;true;plains;1
415;170;192;222;land;false;plains;1
416;203;252;115;land;false;plains;1
417;222;226;195;land;true;plains;1
418;144;180;244;land;false;plains;1
419;182;190;138;land;false;plains;1
420;241;242;87;land;true;plains;1
421;237;172;129;land;false;plains;1
422;61;242;248;land;true;plains;1
423;163;119;236;land;false;plains;1
424;211;162;164;land;false;plains;1
425;252;65;240;land;true;plains;1
426;123;246;242;land;false;plains;1
427;199;105;239;land;true;plains;1
428;188;248;178;land;false;plains;1
429;54;250;225;land;false;plains;1
430;150;202;211;land;false;plains;1
431;178;243;190;land;true;plains;1
432;173;180;229;land;false;plains;1
433;235;164;103;land;true;plains;1
434;182;232;143;land;true;plains;1
435;169;194;195;land;false;plains;1
436;83;221;204;land;false;plains;1
437;199;245;103;land;false;plains;1
438;110;198;215;land;false;plains;1
439;163;226;225;land;false;plains;1
440;216;213;128;land;false;plains;1
441;119;253;239;land;false;plains;1
442;88;178;238;land;true;plains;1
443;89;179;251;land;false;plains;1
444;207;210;147;land;false;plains;1
445;62;203;251;land;false;plains;1
446;252;115;196;land;false;plains;1
447;193;204;114;land;false;plains;1
448;166;220;182;land;false;plains;1
449;44;224;237;land;false;plains;1
450;240;224;176;land;false;plains;1
451;187;239;234;land;false;plains;1
452;217;182;223;land;false;plains;1
453;184;247;233;land;false;plains;1
454;86;214;238;land;false;plains;1
455;124;235;159;land;true;plains;1
456;201;202;156;land;false;plains;1
457;247;197;204;land;false;plains;1
458;184;163;189;land;false;plains;1
459;243;238;190;land;false;plains;1
460;233;184;99;land;false;plains;1
461;249;238;175;land;false;plains;1
462;247;111;254;land;false;plains;1
463;175;122;209;land;true;plains;1
464;196;132;179;land;false;plains;1
465;239;248;205;land;false;plains;1
466;122;163;220;land;false;plains;1
467;215;182;207;land;false;plains;1
468;223;175;179;land;false;plains;1
469;169;122;235;land;false;plains;1
470;210;214;177;land;false;plains;1
471;235;108;158;land;false;plains;1
472;235;193;214;land;false;plains;1
473;227;167;183;land;false;plains;1
474;21;248;234;land;false;plains;1
475;145;173;238;land;false;plains;1
476;179;228;120;land;true;plains;1
477;249;143;214;land;false;plains;1
478;240;225;46;land;true;plains;1
479;222;209;139;land;true;plains;1
480;220;226;106;land;false;plains;1
481;71;243;205;land;true;plains;1
482;132;213;229;land;false;plains;1
483;206;202;199;land;false;plains;1
484;202;228;207;land;false;plains;1
485;248;202;247;land;false;plains;1
486;178;184;237;land;false;plains;1
487;107;231;186;land;true;plains;1
488;233;143;162;land;true;plains;1
489;213;194;130;land;false;plains;1
490;225;216;248;land;false;plains;1
491;134;214;210;land;false;plains;1
492;116;172;215;land;false;plains;1
493;177;245;225;land;false;plains;1
494;232;81;214;land;false;plains;1
495;108;251;220;land;true;plains;1
496;201;129;225;land;false;plains;1
497;225;216;237;land;false;plains;1
498;202;77;252;land;false;plains;1
499;103;200;229;land;false;plains;1
500;196;190;230;land;true;plains;1
501;220;200;90;land;false;plains;1
502;210;60;236;land;false;plains;1
503;129;236;175;land;true;plains;1
504;169;201;153;land;true;plains;1
505;203;203;229;land;false;plains;1
506;135;252;193;land;true;plains;1
507;208;191;141;land;false;plains;1
508;252;107;165;land;false;plains;1
509;171;165;172;land;false;plains;1
510;176;187;236;land;false;plains;1
511;158;185;173;land;false;plains;1
512;253;72;187;land;true;plains;1
513;197;240;171;land;false;plains;1
514;223;105;211;land;false;plains;1
515;116;229;198;land;false;plains;1
516;183;199;161;land;true;plains;1
517;116;200;212;land;false;plains;1
518;218;235;189;land;false;plains;1
519;188;199;254;land;false;plains;1
520;93;231;210;land;false;plains;1
521;182;227;141;land;false;plains;1
522;126;215;189;land;true;plains;1
523;243;157;239;land;false;plains;1
524;121;178;223;land;false;plains;1
525;139;209;198;land;false;plains;1
526;186;234;164;land;true;plains;1
527;231;236;243;land;false;plains;1
528;185;229;246;land;false;plains;1
529;213;112;191;land;true;plains;1
530;78;173;254;land;false;plains;1
531;195;116;234;land;false;plains;1
532;183;164;226;land;false;plains;1
533;245;165;98;land;false;plains;1
534;220;207;129;land;false;plains;1
535;133;240;150;land;false;plains;1
536;232;161;188;land;false;plains;1
537;245;79;225;land;false;plains;1
538;126;172;221;land;false;plains;1
539;240;176;187;land;false;plains;1
540;162;225;210;land;false;plains;1
541;149;251;151;land;false;plains;1
542;231;138;143;land;false;plains;1
543;221;244;201;land;false;plains;1
544;64;240;239;land;false;plains;1
545;245;190;229;land;true;plains;1
546;214;252;232;land;false;plains;1
547;146;199;175;land;false;plains;1
548;250;7;252;land;true;plains;1
549;210;179;114;land;false;plains;1
550;110;226;247;land;false;plains;1
551;220;232;221;land;false;plains;1
552;126;220;197;land;false;plains;1
553;168;236;125;land;true;plains;1
554;151;147;240;land;false;plains;1
555;217;180;139;land;false;plains;1
556;246;86;201;land;false;plains;1
557;204;201;176;land;false;plains;1
558;46;231;248;land;false;plains;1
559;181;154;223;land;true;plains;1
560;198;202;229;land;false;plains;1
561;213;118;182;land;false;plains;1
562;183;162;234;land;true;plains;1
563;225;244;75;land;false;plains;1
564;245;167;254;land;false;plains;1
565;188;183;227;land;false;plains;1
566;245;248;53;land;false;plains;1
567;168;227;166;land;true;plains;1
568;217;129;207;land;true;plains;1
569;203;103;210;land;false;plains;1
570;145;214;244;land;false;plains;1
571;83;217;244;land;false;plains;1
572;225;126;157;land;false;plains;1
573;252;128;214;land;false;plains;1
574;104;253;241;land;false;plains;1
575;89;197;223;land;true;plains;1
576;151;180;225;land;false;plains;1
577;219;168;232;land;false;plains;1
578;197;245;242;land;false;plains;1
579;236;174;208;land;false;plains;1
580;229;142;132;land;false;plains;1
581;182;97;237;land;false;plains;1
582;228;191;156;land;false;plains;1
583;185;196;135;land;false;plains;1
584;219;238;153;land;true;plains;1
585;249;151;133;land;false;plains;1
586;123;248;206;land;false;plains;1
587;201;133;224;land;false;plains;1
588;216;126;241;land;false;plains;1
589;197;149;226;land;false;plains;1
590;214;202;139;land;false;plains;1
591;224;44;235;land;false;plains;1
592;200;105;243;land;false;plains;1
593;113;151;243;land;false;plains;1
594;171;246;120;land;true;plains;1
595;153;226;164;land;false;plains;1
596;222;187;245;land;false;plains;1
597;243;196;140;land;true;plains;1
598;237;228;189;land;false;plains;1
599;156;208;222;land;true;plains;1
600;208;165;138;land;true;plains;1
601;243;176;248;land;false;plains;1
602;142;184;199;land;false;plains;1
603;180;131;243;land;false;plains;1
604;222;137;226;land;false;plains;1
605;114;165;233;land;false;plains;1
606;157;169;196;land;false;plains;1
607;153;248;221;land;false;plains;1
608;244;244;189;land;false;plains;1
609;185;152;226;land;false;plains;1
610;124;236;168;land;true;plains;1
611;133;169;242;land;false;plains;1
612;182;240;181;land;false;plains;1
613;194;215;182;land;false;plains;1
614;139;156;227;land;false;plains;1
615;238;204;206;land;true;plains;1
616;214;103;198;land;true;plains;1
617;233;245;41;land;false;plains;1
618;137;200;246;land;false;plains;1
619;227;196;137;land;false;plains;1
620;181;135;244;land;false;plains;1
621;225;163;165;land;false;plains;1
622;171;107;250;land;false;plains;1
623;253;232;220;land;false;plains;1
624;56;237;226;land;false;plains;1
625;216;191;130;land;true;plains;1
626;184;180;137;land;false;plains;1
627;153;181;198;land;false;plains;1
628;112;241;241;land;false;plains;1
629;81;241;188;land;false;plains;1
630;179;177;152;land;false;plains;1
631;170;247;94;land;false;plains;1
632;216;143;181;land;false;plains;1
633;150;200;187;land;false;plains;1
634;149;158;202;land;true;plains;1
635;67;224;233;land;true;plains;1
636;116;205;213;land;true;plains;1
637;218;78;245;land;false;plains;1
638;237;244;27;land;false;plains;1
639;225;176;237;land;false;plains;1
640;130;249;191;land;false;plains;1
641;131;205;193;land;false;plains;1
642;1;252;252;land;false;plains;1
643;248;253;225;land;false;plains;1
644;154;193;198;land;false;plains;1
645;170;99;252;land;false;plains;1
646;82;254;199;land;true;plains;1
647;240;138;190;land;false;plains;1
648;138;241;188;land;false;plains;1
649;253;140;253;land;false;plains;1
650;91;174;253;land;false;plains;1
651;254;111;147;land;false;plains;1
652;218;151;141;land;true;plains;1
653;163;245;109;land;true;plains;1
654;219;240;125;land;false;plains;1
655;254;169;120;land;false;plains;1
656;146;172;214;land;false;plains;1
657;172;156;180;land;false;plains;1
658;188;201;120;land;false;plains;1
659;221;166;196;land;false;plains;1
660;181;175;199;land;true;plains;1
661;120;210;206;land;false;plains;1
662;200;193;157;land;false;plains;1
663;232;221;75;land;false;plains;1
664;182;110;248;land;false;plains;1
665;230;244;131;land;false;plains;1
666;146;157;251;land;false;plains;1
667;127;214;204;land;true;plains;1
668;172;231;110;land;false;plains;1
669;250;247;244;land;true;plains;1
670;213;206;204;land;false;plains;1
671;194;253;148;land;false;plains;1
672;164;205;132;land;false;plains;1
673;161;213;236;land;false;plains;1
674;175;213;130;land;false;plains;1
675;192;203;239;land;false;plains;1
676;146;175;249;land;false;plains;1
677;220;231;150;land;false;plains;1
678;229;216;240;land;false;plains;1
679;106;221;177;land;false;plains;1
680;248;213;210;land;true;plains;1
681;138;173;244;land;false;plains;1
682;164;182;158;land;true;plains;1
683;197;207;171;land;false;plains;1
684;183;184;172;land;false;plains;1
685;245;252;211;land;false;plains;1
686;163;183;238;land;true;plains;1
687;207;87;213;land;false;plains;1
688;249;171;94;land;false;plains;1
689;191;176;151;land;false;plains;1
690;99;207;202;land;false;plains;1
691;219;204;78;land;false;plains;1
692;163;246;149;land;false;plains;1
693;138;236;135;land;false;plains;1
694;186;196;231;land;true;plains;1
695;243;195;234;land;true;plains;1
696;181;240;248;land;true;plains;1
697;210;216;121;land;false;plains;1
698;175;168;158;land;true;plains;1
699;241;168;92;land;false;plains;1
700;202;142;159;land;false;plains;1
701;149;206;166;land;false;plains;1
702;192;239;231;land;true;plains;1
703;230;233;176;land;false;plains;1
704;249;137;176;land;false;plains;1
705;236;89;236;land;false;plains;1
706;210;124;217;land;false;plains;1
707;202;140;163;land;false;plains;1
708;219;138;149;land;false;plains;1
709;239;94;214;land;false;plains;1
710;171;133;234;land;false;plains;1
711;131;209;202;land;true;plains;1
712;60;217;238;land;false;plains;1
713;179;96;234;land;false;plains;1
714;251;174;133;land;false;plains;1
715;217;207;221;land;false;plains;1
716;231;152;237;land;false;plains;1
717;111;238;194;land;false;plains;1
718;235;224;185;land;false;plains;1
719;195;160;218;land;true;plains;1
720;156;227;211;land;true;plains;1
721;214;251;66;land;false;plains;1
722;174;102;246;land;true;plains;1
723;221;199;81;land;false;plains;1
724;250;149;130;land;true;plains;1
725;247;209;219;land;true;plains;1
726;203;236;157;land;true;plains;1
727;200;253;162;land;false;plains;1
728;201;215;169;land;false;plains;1
729;212;115;206;land;false;plains;1
730;208;244;101;land;true;plains;1
731;181;217;111;land;false;plains;1
732;123;205;174;land;false;plains;1
733;230;76;225;land;false;plains;1
734;241;15;251;land;false;plains;1
735;198;198;193;land;true;plains;1
736;195;204;147;land;false;plains;1
737;130;238;158;land;false;plains;1
738;237;253;59;land;false;plains;1
739;156;254;154;land;true;plains;1
740;214;234;166;land;false;plains;1
741;201;227;148;land;false;plains;1
742;237;239;165;land;false;plains;1
743;127;225;229;land;true;plains;1
744;201;230;209;land;false;plains;1
745;136;162;251;land;false;plains;1
746;122;242;141;land;false;plains;1
747;136;248;220;land;true;plains;1
748;37;253;225;land;true;plains;1
749;252;241;59;land;false;plains;1
750;162;222;181;land;false;plains;1
751;243;172;233;land;false;plains;1
752;210;195;239;land;false;plains;1
753;162;243;108;land;true;plains;1
754;252;250;68;land;false;plains;1
755;196;195;159;land;false;plains;1
756;229;199;182;land;false;plains;1
757;245;124;143;land;false;plains;1
758;197;226;82;land;false;plains;1
759;17;244;247;land;true;plains;1
760;188;172;142;land;false;plains;1
761;165;127;225;land;false;plains;1
762;67;229;221;land;true;plains;1
763;173;249;108;land;false;plains;1
764;137;227;204;land;false;plains;1
765;153;238;137;land;true;plains;1
766;239;153;228;land;false;plains;1
767;203;212;236;land;false;plains;1
768;202;140;228;land;false;plains;1
769;249;181;100;land;true;plains;1
770;222;212;100;land;false;plains;1
771;232;224;221;land;false;plains;1
772;183;232;105;land;true;plains;1
773;224;213;101;land;false;plains;1
774;228;249;114;land;false;plains;1
775;179;172;248;land;false;plains;1
776;220;90;206;land;false;plains;1
777;206;231;182;land;false;plains;1
778;212;226;223;land;false;plains;1
779;160;227;170;land;true;plains;1
780;198;194;249;land;false;plains;1
781;224;177;163;land;true;plains;1
782;213;176;199;land;false;plains;1
783;159;211;135;land;false;plains;1
784;184;235;208;land;false;plains;1
785;146;209;151;land;false;plains;1
786;225;233;158;land;false;plains;1
787;117;251;140;land;false;plains;1
788;161;204;195;land;true;plains;1
789;127;221;241;land;true;plains;1
790;75;220;217;land;false;plains;1
791;187;64;251;land;false;plains;1
792;248;191;123;land;false;plains;1
793;190;212;194;land;false;plains;1
794;232;211;68;land;false;plains;1
795;161;201;151;land;true;plains;1
796;228;133;227;land;true;plains;1
797;90;189;251;land;true;plains;1
798;190;154;189;land;true;plains;1
799;224;225;231;land;false;plains;1
800;253;202;155;land;false;plains;1
801;166;158;250;land;false;plains;1
802;252;50;203;land;false;plains;1
803;190;202;160;land;false;plains;1
804;211;243;118;land;false;plains;1
805;191;163;235;land;true;plains;1
806;191;210;133;land;false;plains;1
807;225;237;83;land;true;plains;1
808;247;92;187;land;false;plains;1
809;152;230;196;land;true;plains;1
810;219;165;241;land;false;plains;1
811;184;165;197;land;false;plains;1
812;194;236;124;land;false;plains;1
813;160;143;241;land;true;plains;1
814;237;178;222;land;false;plains;1
815;199;234;249;land;false;plains;1
816;251;178;212;land;false;plains;1
817;190;247;67;land;false;plains;1
818;84;227;211;land;true;plains;1
819;223;194;165;land;true;plains;1
820;178;230;97;land;false;plains;1
821;185;199;154;land;false;plains;1
822;251;222;237;land;false;plains;1
823;176;220;129;land;false;plains;1
824;188;196;252;land;true;plains;1
825;234;146;244;land;false;plains;1
826;200;245;129;land;false;plains;1
827;194;207;245;land;false;plains;1
828;159;213;234;land;false;plains;1
829;216;241;213;land;false;plains;1
830;230;147;139;land;false;plains;1
831;169;155;193;land;false;plains;1
832;121;166;254;land;false;plains;1
833;253;135;140;land;false;plains;1
834;58;253;248;land;true;plains;1
835;202;182;165;land;true;plains;1
836;166;147;196;land;true;plains;1
837;240;195;159;land;false;plains;1
838;141;189;183;land;true;plains;1
839;236;237;68;land;false;plains;1
840;197;210;224;land;false;plains;1
841;143;252;114;land;true;plains;1
842;241;94;175;land;true;plains;1
843;247;248;89;land;false;plains;1
844;123;207;182;land;false;plains;1
845;244;110;198;land;false;plains;1
846;231;53;232;land;false;plains;1
847;200;253;231;land;false;plains;1
848;153;237;195;land;false;plains;1
849;115;167;247;land;true;plains;1
850;234;28;251;land;true;plains;1
851;237;117;235;land;false;plains;1
852;177;123;225;land;false;plains;1
853;243;128;223;land;true;plains;1
854;242;104;225;land;false;plains;1
855;104;245;226;land;false;plains;1
856;254;102;224;land;false;plains;1
857;156;225;131;land;false;plains;1
858;226;191;233;land;false;plains;1
859;242;221;189;land;false;plains;1
860;195;216;180;land;false;plains;1
861;183;243;88;land;false;plains;1
862;205;210;238;land;false;plains;1
863;130;165;249;land;false;plains;1
864;146;163;202;land;false;plains;1
865;182;196;135;land;false;plains;1
866;213;212;186;land;false;plains;1
867;219;140;254;land;false;plains;1
868;246;179;189;land;false;plains;1
869;251;209;192;land;false;plains;1
870;129;241;158;land;false;plains;1
871;70;223;234;land;false;plains;1
872;218;29;254;land;false;plains;1
873;189;235;96;land;true;plains;1
874;147;135;224;land;true;plains;1
875;232;250;195;land;false;plains;1
876;162;191;250;land;false;plains;1
877;99;231;206;land;true;plains;1
878;160;115;230;land;false;plains;1
879;240;41;236;land;false;plains;1
880;34;234;239;land;false;plains;1
881;201;195;200;land;false;plains;1
882;231;129;169;land;true;plains;1
883;216;141;192;land;false;plains;1
884;194;228;237;land;false;plains;1
885;145;129;244;land;false;plains;1
886;166;244;238;land;false;plains;1
887;133;172;204;land;false;plains;1
888;163;225;164;land;true;plains;1
889;143;232;193;land;false;plains;1
890;246;105;178;land;false;plains;1
891;202;147;218;land;true;plains;1
892;202;198;224;land;false;plains;1
893;177;113;226;land;false;plains;1
894;227;178;133;land;false;plains;1
895;144;224;163;land;false;plains;1
896;209;83;212;land;true;plains;1
897;243;205;202;land;false;plains;1
898;212;84;224;land;false;plains;1
899;203;183;164;land;false;plains;1
900;215;97;207;land;false;plains;1
901;223;224;101;land;false;plains;1
902;205;109;242;land;false;plains;1
903;175;166;170;land;false;plains;1
904;231;165;237;land;false;plains;1
905;229;146;198;land;true;plains;1
906;230;174;177;land;true;plains;1
907;159;202;148;land;false;plains;1
908;180;195;253;land;false;plains;1
909;177;156;178;land;false;plains;1
910;118;213;209;land;true;plains;1
911;128;174;253;land;true;plains;1
912;56;245;223;land;false;plains;1
913;132;219;181;land;false;plains;1
914;192;192;156;land;false;plains;1
915;224;196;179;land;false;plains;1
916;144;231;159;land;false;plains;1
917;183;229;191;land;false;plains;1
918;232;147;176;land;false;plains;1
919;188;251;208;land;false;plains;1
920;111;223;247;land;false;plains;1
921;233;150;172;land;false;plains;1
922;203;235;244;land;true;plains;1
923;214;180;248;land;false;plains;1
924;193;247;233;land;false;plains;1
925;237;117;168;land;false;plains;1
926;234;173;166;land;true;plains;1
927;252;58;230;land;false;plains;1
928;189;212;155;land;false;plains;1
929;154;236;160;land;false;plains;1
930;246;237;153;land;false;plains;1
931;235;221;105;land;false;plains;1
932;202;254;99;land;false;plains;1
933;237;171;156;land;false;plains;1
934;137;231;228;land;false;plains;1
935;134;165;204;land;false;plains;1
936;247;233;104;land;false;plains;1
937;182;200;164;land;false;plains;1
938;179;210;211;land;false;plains;1
939;209;122;232;land;false;plains;1
940;216;164;190;land;true;plains;1
941;212;154;210;land;false;plains;1
942;119;203;202;land;false;plains;1
943;103;204;223;land;false;plains;1
944;210;197;175;land;true;plains;1
945;199;246;155;land;false;plains;1
946;223;58;247;land;false;plains;1
947;204;240;241;land;false;plains;1
948;214;129;231;land;false;plains;1
949;203;199;152;land;false;plains;1
950;236;149;254;land;false;plains;1
951;157;229;252;land;false;plains;1
952;223;138;186;land;false;plains;1
953;95;240;226;land;false;plains;1
954;253;161;168;land;false;plains;1
955;149;226;254;land;false;plains;1
956;90;182;233;land;false;plains;1
957;78;232;249;land;false;plains;1
958;253;233;66;land;true;plains;1
959;181;248;248;land;true;plains;1
960;220;44;247;land;false;plains;1
961;248;195;158;land;true;plains;1
962;173;250;216;land;false;plains;1
963;217;240;50;land;false;plains;1
964;216;178;171;land;false;plains;1
965;239;29;252;land;false;plains;1
966;249;218;41;land;false;plains;1
967;200;195;155;land;false;plains;1
968;252;117;159;land;false;plains;1
969;173;227;228;land;false;plains;1
970;200;228;238;land;false;plains;1
971;230;158;188;land;false;plains;1
972;201;222;125;land;true;plains;1
973;192;231;151;land;false;plains;1
974;236;237;41;land;true;plains;1
975;249;201;106;land;false;plains;1
976;245;59;221;land;false;plains;1
977;115;187;244;land;false;plains;1
978;111;202;216;land;true;plains;1
979;178;172;200;land;false;plains;1
980;143;249;253;land;false;plains;1
981;103;210;245;land;true;plains;1
982;253;234;69;land;false;plains;1
983;121;253;149;land;false;plains;1
984;177;158;229;land;false;plains;1
985;251;204;244;land;false;plains;1
986;59;197;248;land;false;plains;1
987;242;106;230;land;false;plains;1
988;170;188;160;land;false;plains;1
989;216;250;51;land;false;plains;1
990;105;246;222;land;false;plains;1
991;222;174;247;land;false;plains;1
992;239;236;45;land;true;plains;1
993;250;216;40;land;false;plains;1
994;65;225;254;land;true;plains;1
995;239;236;139;land;true;plains;1
996;229;28;253;land;false;plains;1
997;226;97;223;land;true;plains;1
998;203;111;226;land;false;plains;1
999;228;251;140;land;false;plains;1
1000;203;247;184;land;false;plains;1
1001;198;186;190;land;false;plains;1
1002;133;251;182;land;false;plains;1
1003;219;199;224;land;true;plains;1
1004;173;242;88;land;false;plains;1
1005;228;222;216;land;true;plains;1
1006;77;220;249;land;true;plains;1
1007;94;166;254;land;false;plains;1
1008;83;227;243;land;true;plains;1
1009;199;224;251;land;false;plains;1
1010;205;165;209;land;false;plains;1
1011;186;182;159;land;false;plains;1
1012;219;61;252;land;true;plains;1
1013;161;202;164;land;false;plains;1
1014;168;245;96;land;false;plains;1
1015;224;137;148;land;false;plains;1
1016;191;196;171;land;true;plains;1
1017;231;156;177;land;true;plains;1
1018;114;189;235;land;false;plains;1
1019;28;246;233;land;false;plains;1
1020;192;174;142;land;false;plains;1
1021;226;114;230;land;false;plains;1
1022;150;204;205;land;false;plains;1
1023;165;173;248;land;false;plains;1
1024;163;245;113;land;true;plains;1
1025;88;191;235;land;false;plains;1
1026;55;227;231;land;false;plains;1
1027;164;162;177;land;false;plains;1
1028;164;198;246;land;true;plains;1
1029;247;201;204;land;false;plains;1
1030;130;190;219;land;false;plains;1
1031;223;113;244;land;false;plains;1
1032;178;129;234;land;false;plains;1
1033;168;159;193;land;false;plains;1
1034;196;218;141;land;false;plains;1
1035;95;213;198;land;false;plains;1
1036;32;253;226;land;true;plains;1
1037;206;185;219;land;false;plains;1
1038;236;139;167;land;false;plains;1
1039;149;193;194;land;true;plains;1
1040;182;171;226;land;false;plains;1
1041;147;236;153;land;false;plains;1
1042;234;134;210;land;false;plains;1
1043;247;248;17;land;false;plains;1
1044;230;122;246;land;false;plains;1
1045;166;209;186;land;false;plains;1
1046;206;227;89;land;true;plains;1
1047;216;224;62;land;false;plains;1
1048;172;242;196;land;false;plains;1
1049;235;201;81;land;false;plains;1
1050;237;215;161;land;false;plains;1
1051;195;202;117;land;false;plains;1
1052;168;197;248;land;false;plains;1
1053;208;97;245;land;true;plains;1
1054;234;101;183;land;false;plains;1
1055;227;212;126;land;false;plains;1
1056;221;152;161;land;false;plains;1
1057;250;251;111;land;false;plains;1
1058;242;155;207;land;true;plains;1
1059;167;153;218;land;false;plains;1
1060;235;225;54;land;true;plains;1
1061;89;214;239;land;false;plains;1
1062;99;229;198;land;false;plains;1
1063;227;164;221;land;false;plains;1
1064;195;206;116;land;false;plains;1
1065;186;188;202;land;false;plains;1
1066;213;207;225;land;false;plains;1
1067;234;151;156;land;false;plains;1
1068;127;245;249;land;false;plains;1
1069;201;239;233;land;true;plains;1
1070;244;120;222;land;true;plains;1
1071;211;90;236;land;false;plains;1
1072;142;242;233;land;false;plains;1
1073;153;247;188;land;true;plains;1
1074;225;210;120;land;false;plains;1
1075;210;238;132;land;false;plains;1
1076;41;245;243;land;false;plains;1
1077;243;197;103;land;true;plains;1
1078;172;224;126;land;false;plains;1
1079;234;178;188;land;false;plains;1
1080;221;187;161;land;false;plains;1
1081;154;238;222;land;false;plains;1
1082;234;179;153;land;false;plains;1
1083;99;161;243;land;false;plains;1
1084;240;49;234;land;false;plains;1
1085;174;224;185;land;true;plains;1
1086;176;250;119;land;false;plains;1
1087;227;200;98;land;false;plains;1
1088;228;86;207;land;false;plains;1
1089;80;234;254;land;true;plains;1
1090;206;248;124;land;false;plains;1
1091;252;155;127;land;true;plains;1
1092;60;226;215;land;false;plains;1
1093;253;52;209;land;true;plains;1
1094;63;240;231;land;false;plains;1
1095;242;196;198;land;false;plains;1
1096;204;136;191;land;false;plains;1
1097;136;231;157;land;false;plains;1
1098;226;170;119;land;false;plains;1
1099;204;203;110;land;true;plains;1
1100;111;254;152;land;false;plains;1
1101;205;114;236;land;false;plains;1
1102;153;141;238;land;true;plains;1
1103;227;56;254;land;false;plains;1
1104;133;185;200;land;false;plains;1
1105;228;250;52;land;false;plains;1
1106;88;219;200;land;false;plains;1
1107;150;230;249;land;false;plains;1
1108;216;224;136;land;false;plains;1
1109;118;250;201;land;false;plains;1
1110;155;254;131;land;false;plains;1
1111;200;95;221;land;false;plains;1
1112;191;140;197;land;false;plains;1
1113;207;68;235;land;false;plains;1
1114;132;138;247;land;false;plains;1
1115;252;245;41;land;false;plains;1
1116;242;218;249;land;false;plains;1
1117;253;52;201;land;false;plains;1
1118;222;194;236;land;false;plains;1
1119;104;213;219;land;true;plains;1
1120;221;67;239;land;false;plains;1
1121;199;146;227;land;false;plains;1
1122;212;103;244;land;false;plains;1
1123;196;153;237;land;true;plains;1
1124;172;212;136;land;false;plains;1
1125;145;191;166;land;true;plains;1
1126;164;232;163;land;false;plains;1
1127;110;230;209;land;false;plains;1
1128;234;182;147;land;true;plains;1
1129;110;181;239;land;false;plains;1
1130;244;170;181;land;true;plains;1
1131;235;90;247;land;true;plains;1
1132;140;178;218;land;true;plains;1
1133;174;249;190;land;false;plains;1
1134;191;153;173;land;false;plains;1
1135;200;222;105;land;false;plains;1
1136;206;248;145;land;false;plains;1
1137;193;187;157;land;true;plains;1
1138;244;164;151;land;false;plains;1
1139;179;182;253;land;false;plains;1
1140;237;179;184;land;false;plains;1
1141;96;199;212;land;false;plains;1
1142;208;168;242;land;false;plains;1
1143;231;233;106;land;false;plains;1
1144;244;65;231;land;false;plains;1
1145;240;142;137;land;false;plains;1
1146;221;239;228;land;false;plains;1
1147;202;97;204;land;false;plains;1
1148;211;185;124;land;true;plains;1
1149;161;231;154;land;true;plains;1
1150;175;193;176;land;false;plains;1
1151;219;217;134;land;true;plains;1
1152;131;224;243;land;false;plains;1
1153;147;246;249;land;false;plains;1
1154;222;182;116;land;true;plains;1
1155;95;218;205;land;true;plains;1
1156;252;196;221;land;false;plains;1
1157;140;225;226;land;false;plains;1
1158;253;93;236;land;true;plains;1
1159;244;33;254;land;false;plains;1
1160;62;250;211;land;false;plains;1
1161;98;244;184;land;false;plains;1
1162;200;203;158;land;false;plains;1
1163;191;128;248;land;true;plains;1
1164;165;233;181;land;true;plains;1
1165;202;152;249;land;false;plains;1
1166;190;177;234;land;false;plains;1
1167;161;207;233;land;false;plains;1
1168;219;74;247;land;true;plains;1
1169;127;210;193;land;false;plains;1
1170;225;183;160;land;true;plains;1
1171;192;212;124;land;false;plains;1
1172;240;112;161;land;false;plains;1
1173;134;239;207;land;false;plains;1
1174;250;253;81;land;true;plains;1
1175;236;241;105;land;true;plains;1
1176;68;228;239;land;false;plains;1
1177;129;245;214;land;false;plains;1
1178;226;144;131;land;false;plains;1
1179;193;113;198;land;false;plains;1
1180;198;191;220;land;false;plains;1
1181;157;217;132;land;false;plains;1
1182;184;247;193;land;true;plains;1
1183;251;65;227;land;false;plains;1
1184;163;145;212;land;false;plains;1
1185;241;73;217;land;true;plains;1
1186;174;225;219;land;false;plains;1
1187;244;136;148;land;false;plains;1
1188;234;228;52;land;false;plains;1
1189;254;231;79;land;false;plains;1
1190;226;165;234;land;false;plains;1
1191;117;213;246;land;false;plains;1
1192;159;240;209;land;false;plains;1
1193;239;234;228;land;false;plains;1
1194;186;207;216;land;false;plains;1
1195;200;170;226;land;false;plains;1
1196;220;240;247;land;false;plains;1
1197;206;243;135;land;false;plains;1
1198;124;221;254;land;false;plains;1
1199;200;249;187;land;true;plains;1
1200;145;226;157;land;false;plains;1
1201;208;213;152;land;false;plains;1
1202;189;91;243;land;false;plains;1
1203;248;248;55;land;false;plains;1
1204;227;254;41;land;false;plains;1
1205;181;219;156;land;true;plains;1
1206;168;107;231;land;false;plains;1
1207;235;223;213;land;true;plains;1
1208;118;226;241;land;false;plains;1
1209;233;81;212;land;false;plains;1
1210;134;221;224;land;true;plains;1
1211;230;231;98;land;false;plains;1
1212;231;95;214;land;true;plains;1
1213;164;141;202;land;false;plains;1
1214;214;203;193;land;false;plains;1
1215;117;200;199;land;false;plains;1
1216;220;254;117;land;false;plains;1
1217;198;213;248;land;false;plains;1
1218;88;229;187;land;true;plains;1
1219;164;162;213;land;false;plains;1
1220;204;253;171;land;false;plains;1
1221;204;252;54;land;false;plains;1
1222;215;250;89;land;false;plains;1
1223;136;159;226;land;false;plains;1
1224;106;230;237;land;false;plains;1
1225;187;157;166;land;false;plains;1
1226;249;168;152;land;true;plains;1
1227;205;226;100;land;true;plains;1
1228;175;224;189;land;true;plains;1
1229;234;197;79;land;true;plains;1
1230;228;143;171;land;true;plains;1
1231;222;188;161;land;false;plains;1
1232;233;169;233;land;true;plains;1
1233;213;176;125;land;true;plains;1
1234;186;162;167;land;true;plains;1
1235;213;245;172;land;false;plains;1
1236;72;245;232;land;true;plains;1
1237;91;215;208;land;false;plains;1
1238;144;201;231;land;false;plains;1
1239;196;230;133;land;false;plains;1
1240;120;216;212;land;false;plains;1
1241;223;233;156;land;false;plains;1
1242;225;224;143;land;false;plains;1
1243;236;145;193;land;true;plains;1
1244;155;201;227;land;false;plains;1
1245;217;72;250;land;false;plains;1
1246;247;199;192;land;false;plains;1
1247;208;206;158;land;false;plains;1
1248;221;226;202;land;true;plains;1
1249;99;219;205;land;false;plains;1
1250;240;183;184;land;false;plains;1
1251;179;156;204;land;false;plains;1
1252;128;194;245;land;false;plains;1
1253;110;244;209;land;true;plains;1
1254;190;249;193;land;false;plains;1
1255;122;243;225;land;false;plains;1
1256;114;176;222;land;true;plains;1
1257;218;111;253;land;true;plains;1
1258;225;128;163;land;false;plains;1
1259;147;252;179;land;false;plains;1
1260;118;231;236;land;false;plains;1
1261;247;207;190;land;false;plains;1
1262;144;211;248;land;false;plains;1
1263;168;242;211;land;false;plains;1
1264;251;71;210;land;false;plains;1
1265;119;208;212;land;false;plains;1
1266;196;167;155;land;false;plains;1
1267;179;219;224;land;false;plains;1
1268;240;129;152;land;false;plains;1
1269;204;135;199;land;false;plains;1
1270;157;235;113;land;false;plains;1
1271;148;234;185;land;true;plains;1
1272;154;240;195;land;false;plains;1
1273;222;88;206;land;false;plains;1
1274;250;249;89;land;true;plains;1
1275;249;121;213;land;false;plains;1
1276;186;222;177;land;false;plains;1
1277;82;227;220;land;true;plains;1
1278;132;198;200;land;true;plains;1
1279;243;233;43;land;true;plains;1
1280;227;203;137;land;false;plains;1
1281;57;250;252;land;false;plains;1
1282;192;190;119;land;true;plains;1
1283;63;237;204;land;true;plains;1
1284;161;119;231;land;false;plains;1
1285;150;192;169;land;false;plains;1
1286;73;247;187;land;false;plains;1
1287;249;233;219;land;false;plains;1
1288;236;65;240;land;false;plains;1
1289;163;179;167;land;false;plains;1
1290;239;44;224;land;false;plains;1
1291;155;181;179;land;false;plains;1
1292;136;189;222;land;true;plains;1
1293;242;231;114;land;false;plains;1
1294;235;243;100;land;false;plains;1
1295;253;183;127;land;false;plains;1
1296;250;91;169;land;false;plains;1
1297;252;212;86;land;false;plains;1
1298;217;206;80;land;false;plains;1
1299;226;128;153;land;false;plains;1
1300;231;117;199;land;false;plains;1
1301;199;249;182;land;false;plains;1
1302;129;206;241;land;false;plains;1
1303;234;51;251;land;false;plains;1
1304;101;172;238;land;false;plains;1
1305;222;93;209;land;false;plains;1
1306;214;108;197;land;false;plains;1
1307;228;177;96;land;true;plains;1
1308;201;235;183;land;false;plains;1
1309;61;248;213;land;false;plains;1
1310;164;196;177;land;false;plains;1
1311;217;201;235;land;false;plains;1
1312;246;252;44;land;false;plains;1
1313;75;238;201;land;false;plains;1
1314;139;183;212;land;false;plains;1
1315;167;157;186;land;true;plains;1
1316;156;234;144;land;false;plains;1
1317;142;186;240;land;false;plains;1
1318;210;141;202;land;false;plains;1
1319;77;238;200;land;false;plains;1
1320;165;235;213;land;false;plains;1
1321;224;233;126;land;false;plains;1
1322;113;143;245;land;false;plains;1
1323;176;187;252;land;false;plains;1
1324;185;200;167;land;false;plains;1
1325;203;245;168;land;false;plains;1
1326;107;254;166;land;false;plains;1
1327;100;181;237;land;false;plains;1
1328;161;133;235;land;false;plains;1
1329;127;228;230;land;false;plains;1
1330;185;123;253;land;false;plains;1
1331;250;195;139;land;false;plains;1
1332;96;234;242;land;false;plains;1
1333;226;50;246;land;false;plains;1
1334;172;224;210;land;false;plains;1
1335;228;244;71;land;false;plains;1
1336;119;185;245;land;false;plains;1
1337;165;103;248;land;false;plains;1
1338;176;135;194;land;false;plains;1
1339;185;212;205;land;true;plains;1
1340;177;156;223;land;false;plains;1
1341;247;166;166;land;false;plains;1
1342;201;244;224;land;false;plains;1
1343;246;87;187;land;false;plains;1
1344;142;228;147;land;false;plains;1
1345;137;232;182;land;false;plains;1
1346;240;177;225;land;false;plains;1
1347;130;195;195;land;false;plains;1
1348;250;223;183;land;true;plains;1
1349;235;240;73;land;false;plains;1
1350;130;223;193;land;false;plains;1
1351;232;207;70;land;false;plains;1
1352;202;195;223;land;false;plains;1
1353;251;244;181;land;false;plains;1
1354;218;98;238;land;false;plains;1
1355;216;190;243;land;false;plains;1
1356;240;147;149;land;false;plains;1
1357;186;158;221;land;false;plains;1
1358;119;168;219;land;false;plains;1
1359;219;190;178;land;true;plains;1
1360;65;217;240;land;false;plains;1
1361;188;159;237;land;false;plains;1
1362;205;193;221;land;false;plains;1
1363;254;241;187;land;false;plains;1
1364;216;174;166;land;true;plains;1
1365;132;195;186;land;true;plains;1
1366;189;184;210;land;false;plains;1
1367;219;127;202;land;false;plains;1
1368;201;144;190;land;false;plains;1
1369;209;240;59;land;true;plains;1
1370;246;179;223;land;true;plains;1
1371;233;219;96;land;false;plains;1
1372;144;206;208;land;true;plains;1
1373;143;244;173;land;false;plains;1
1374;108;220;192;land;false;plains;1
1375;199;214;251;land;false;plains;1
1376;84;248;251;land;false;plains;1
1377;244;208;78;land;false;plains;1
1378;248;204;109;land;true;plains;1
1379;180;169;228;land;true;plains;1
1380;243;182;251;land;false;plains;1
1381;114;198;235;land;false;plains;1
1382;232;202;160;land;false;plains;1
1383;233;244;103;land;false;plains;1
1384;217;185;171;land;false;plains;1
1385;144;204;193;land;false;plains;1
1386;213;175;155;land;false;plains;1
1387;178;70;254;land;true;plains;1
1388;203;182;116;land;false;plains;1
1389;158;231;252;land;true;plains;1
1390;148;234;215;land;true;plains;1
1391;245;121;156;land;false;plains;1
1392;86;241;232;land;true;plains;1
1393;169;172;179;land;false;plains;1
1394;68;203;252;land;false;plains;1
1395;81;238;186;land;false;plains;1
1396;181;117;247;land;false;plains;1
1397;216;133;223;land;true;plains;1
1398;243;156;238;land;false;plains;1
1399;225;162;150;land;true;plains;1
1400;175;188;140;land;false;plains;1
1401;136;147;251;land;true;plains;1
1402;190;206;107;land;true;plains;1
1403;236;100;189;land;true;plains;1
1404;224;175;192;land;true;plains;1
1405;239;230;186;land;true;plains;1
1406;234;237;76;land;true;plains;1
1407;158;178;224;land;true;plains;1
1408;108;168;236;land;true;plains;1
1409;44;37;14;sea;false;ocean;0
1410;14;10;66;sea;false;ocean;0
1411;38;30;31;sea;false;ocean;0
1412;60;3;2;sea;false;ocean;0
1413;5;13;55;sea;false;ocean;0
1414;35;35;1;sea;false;ocean;0
1415;43;6;6;sea;false;ocean;0
1416;26;41;25;sea;false;ocean;0
1417;46;24;23;sea;true;ocean;0
1418;5;17;57;sea;false;ocean;0
1419;13;5;7;sea;false;ocean;0
1420;4;24;1;sea;false;ocean;0
1421;16;12;34;sea;false;ocean;0
1422;2;38;36;sea;false;ocean;0
1423;31;13;11;sea;false;ocean;0
1424;11;48;16;sea;true;ocean;0
1425;9;38;51;sea;false;ocean;0
1426;21;58;5;sea;false;ocean;0
1427;37;24;5;sea;false;ocean;0
1428;1;61;12;sea;false;ocean;0
1429;31;37;18;sea;false;ocean;0
1430;29;45;13;sea;false;ocean;0
1431;9;22;29;sea;false;ocean;0
1432;7;44;38;sea;false;ocean;0
1433;17;42;14;sea;false;ocean;0
1434;15;20;34;sea;false;ocean;0
1435;42;16;16;sea;false;ocean;0
1436;3;2;26;sea;false;ocean;0
1437;8;51;28;sea;false;ocean;0
1438;20;45;13;sea;false;ocean;0
1439;39;16;16;sea;false;ocean;0
1440;18;54;8;sea;false;ocean;0
1441;23;28;38;sea;false;ocean;0
1442;72;6;8;sea;false;ocean;0
1443;19;77;2;sea;false;ocean;0
1444;28;30;38;sea;false;ocean;0
1445;42;38;0;sea;false;ocean;0
1446;28;34;26;sea;false;ocean;0
1447;0;21;47;sea;false;ocean;0
1448;7;18;7;sea;false;ocean;0
1449;3;53;15;sea;false;ocean;0
1450;26;9;47;sea;false;ocean;0
1451;21;8;51;sea;false;ocean;0
1452;30;17;43;sea;false;ocean;0
1453;11;32;56;sea;false;ocean;0
1454;48;13;30;sea;false;ocean;0
1455;27;25;13;sea;false;ocean;0
1456;11;54;20;sea;false;ocean;0
1457;23;47;6;sea;true;ocean;0
1458;12;16;32;sea;false;ocean;0
1459;40;18;41;sea;false;ocean;0
1460;28;30;8;sea;false;ocean;0
1461;0;87;0;sea;false;ocean;0
1462;4;74;18;sea;false;ocean;0
1463;2;17;23;sea;false;ocean;0
1464;28;15;50;sea;false;ocean;0
1465;3;2;65;sea;false;ocean;0
1466;39;53;7;sea;false;ocean;0
1467;4;28;18;sea;false;ocean;0
1468;37;13;33;sea;false;ocean;0
1469;5;12;70;sea;false;ocean;0
1470;2;58;16;sea;false;ocean;0
1471;26;8;10;sea;false;ocean;0
1472;1;71;22;sea;false;ocean;0
1473;4;46;24;sea;false;ocean;0
1474;3;8;59;sea;false;ocean;0
1475;43;43;7;sea;false;ocean;0
1476;14;23;1;sea;false;ocean;0
1477;27;34;28;sea;false;ocean;0
1478;48;21;1;sea;false;ocean;0
1479;50;34;13;sea;false;ocean;0
1480;4;11;61;sea;false;ocean;0
1481;40;30;6;sea;true;ocean;0
1482;3;1;84;sea;true;ocean;0
1483;19;32;7;sea;true;ocean;0
1484;28;11;57;sea;false;ocean;0
1485;10;14;33;sea;false;ocean;0
1486;11;34;38;sea;false;ocean;0
1487;20;55;0;sea;false;ocean;0
1488;37;28;15;sea;false;ocean;0
1489;34;17;48;sea;false;ocean;0
1490;22;15;55;sea;false;ocean;0
1491;44;40;3;sea;false;ocean;0
1492;26;3;57;sea;false;ocean;0
1493;4;63;23;sea;false;ocean;0
1494;44;6;45;sea;true;ocean;0
1495;0;70;29;sea;false;ocean;0
1496;44;19;4;sea;false;ocean;0
1497;11;22;9;sea;false;ocean;0
1498;12;62;7;sea;false;ocean;0
1499;17;44;10;sea;false;ocean;0
1500;47;15;16;sea;false;ocean;0
1501;25;4;24;sea;false;ocean;0
1502;72;1;21;sea;true;ocean;0
1503;44;8;38;sea;false;ocean;0
1504;20;8;68;sea;false;ocean;0
1505;57;5;36;sea;false;ocean;0
1506;1;8;25;sea;false;ocean;0
1507;67;16;12;sea;false;ocean;0
1508;40;9;7;sea;false;ocean;0
1509;52;35;3;sea;false;ocean;0
1510;14;74;4;sea;false;ocean;0
1511;33;45;4;sea;false;ocean;0
1512;21;23;5;sea;false;ocean;0
1513;0;14;9;sea;false;ocean;0
1514;7;14;62;sea;false;ocean;0
1515;9;33;18;sea;false;ocean;0
1516;1;23;75;sea;false;ocean;0
1517;21;20;0;sea;false;ocean;0
1518;21;20;32;sea;false;ocean;0
1519;32;28;25;sea;false;ocean;0
1520;41;5;48;sea;false;ocean;0
1521;22;1;28;sea;false;ocean;0
1522;5;22;28;sea;true;ocean;0
1523;22;17;50;sea;false;ocean;0
1524;51;9;36;sea;false;ocean;0
1525;9;2;44;sea;false;ocean;0
1526;41;22;20;sea;false;ocean;0
1527;75;13;5;sea;false;ocean;0
1528;6;47;43;sea;false;ocean;0
1529;57;5;25;sea;false;ocean;0
1530;33;53;11;sea;true;ocean;0
1531;25;40;10;sea;false;ocean;0
1532;14;34;32;sea;false;ocean;0
1533;2;19;77;sea;false;ocean;0
1534;13;1;34;sea;false;ocean;0
1535;13;18;7;sea;false;ocean;0
1536;11;11;52;sea;false;ocean;0
1537;44;34;7;sea;false;ocean;0
1538;28;46;17;sea;false;ocean;0
1539;18;33;34;sea;false;ocean;0
1540;2;6;78;sea;false;ocean;0
1541;79;7;5;sea;false;ocean;0
1542;55;3;26;sea;false;ocean;0
1543;24;42;31;sea;true;ocean;0
1544;9;6;36;sea;false;ocean;0
1545;43;20;18;sea;false;ocean;0
1546;3;31;60;sea;false;ocean;0
1547;39;10;31;sea;false;ocean;0
1548;61;19;4;sea;false;ocean;0
1549;18;43;16;sea;false;ocean;0
1550;23;13;58;sea;false;ocean;0
1551;1;85;2;sea;true;ocean;0
1552;41;11;28;sea;false;ocean;0
1553;38;0;40;sea;false;ocean;0
1554;5;26;43;sea;false;ocean;0
1555;0;28;48;sea;false;ocean;0
1556;7;50;4;sea;false;ocean;0
1557;23;6;24;sea;false;ocean;0
1558;14;13;59;sea;false;ocean;0
1559;30;33;0;sea;true;ocean;0
1560;56;15;25;sea;false;ocean;0
1561;6;24;24;sea;false;ocean;0
1562;5;5;85;sea;false;ocean;0
1563;33;45;10;sea;false;ocean;0
1564;4;0;73;sea;true;ocean;0
1565;12;44;29;sea;false;ocean;0
1566;2;11;61;sea;false;ocean;0
1567;6;16;50;sea;false;ocean;0
1568;48;16;1;sea;false;ocean;0
1569;1;32;13;sea;false;ocean;0
1570;48;33;15;sea;true;ocean;0
1571;25;18;28;sea;false;ocean;0
1572;40;0;49;sea;false;ocean;0
1573;20;19;51;sea;false;ocean;0
1574;22;2;56;sea;true;ocean;0
1575;39;21;6;sea;false;ocean;0
1576;13;17;68;sea;false;ocean;0
1577;28;24;16;sea;false;ocean;0
1578;28;25;12;sea;false;ocean;0
1579;65;9;7;sea;false;ocean;0
1580;1;37;45;sea;false;ocean;0
1581;29;21;14;sea;false;ocean;0
1582;14;53;22;sea;false;ocean;0
1583;48;35;2;sea;false;ocean;0
1584;55;13;13;sea;false;ocean;0
1585;8;32;13;sea;true;ocean;0
1586;15;30;46;sea;false;ocean;0
1587;45;16;6;sea;false;ocean;0
1588;17;38;4;sea;false;ocean;0
1589;39;13;22;sea;true;ocean;0
1590;10;29;60;sea;false;ocean;0
1591;13;12;34;sea;false;ocean;0
1592;6;3;56;sea;false;ocean;0
1593;49;17;6;sea;true;ocean;0
1594;29;1;65;sea;false;ocean;0
1595;27;8;56;sea;false;ocean;0
1596;16;65;3;sea;false;ocean;0
1597;20;11;12;sea;false;ocean;0
1598;24;51;2;sea;false;ocean;0
1599;6;37;2;sea;false;ocean;0
1600;32;8;32;sea;false;ocean;0
1601;24;62;4;sea;false;ocean;0
1602;9;4;85;sea;false;ocean;0
1603;10;24;16;sea;false;ocean;0
1604;76;2;2;sea;false;ocean;0
1605;6;21;66;sea;true;ocean;0
1606;13;0;57;sea;true;ocean;0
1607;26;1;40;sea;false;ocean;0
1608;2;8;25;sea;false;ocean;0
1609;19;29;46;sea;false;ocean;0
1610;38;5;49;sea;false;ocean;0
1611;3;5;48;sea;false;ocean;0
1612;43;4;23;sea;false;ocean;0
1613;47;36;8;sea;true;ocean;0
1614;41;17;35;sea;true;ocean;0
1615;51;15;19;sea;false;ocean;0
1616;14;49;25;sea;false;ocean;0
1617;43;10;28;sea;false;ocean;0
1618;12;55;27;sea;false;ocean;0
1619;66;12;16;sea;false;ocean;0
1620;6;65;23;sea;false;ocean;0
1621;1;71;5;sea;false;ocean;0
1622;1;72;24;sea;false;ocean;0
1623;23;68;7;sea;false;ocean;0
1624;36;26;30;sea;false;ocean;0
1625;44;5;18;sea;false;ocean;0
1626;21;28;10;sea;false;ocean;0
1627;4;44;3;sea;false;ocean;0
1628;64;7;20;sea;false;ocean;0
1629;25;39;16;sea;true;ocean;0
1630;29;38;3;sea;false;ocean;0
1631;33;15;49;sea;true;ocean;0
1632;50;26;1;sea;true;ocean;0
1633;28;21;49;sea;false;ocean;0
1634;5;4;85;sea;false;ocean;0
1635;6;41;14;sea;false;ocean;0
1636;14;16;5;sea;false;ocean;0
1637;2;38;42;sea;false;ocean;0
1638;17;55;16;sea;false;ocean;0
1639;32;41;11;sea;false;ocean;0
1640;15;9;50;sea;false;ocean;0
1641;14;0;6;sea;false;ocean;0
1642;3;15;41;sea;false;ocean;0
1643;23;63;13;sea;false;ocean;0
1644;47;27;1;sea;false;ocean;0
1645;23;49;22;sea;false;ocean;0
1646;54;14;25;sea;false;ocean;0
1647;38;26;2;sea;false;ocean;0
1648;28;43;27;sea;false;ocean;0
1649;4;3;20;sea;false;ocean;0
1650;42;6;45;sea;true;ocean;0
1651;48;1;43;sea;false;ocean;0
1652;32;37;14;sea;false;ocean;0
1653;16;38;7;sea;false;ocean;0
1654;13;25;26;sea;false;ocean;0
1655;43;2;16;sea;false;ocean;0
1656;39;3;31;sea;false;ocean;0
1657;16;70;12;sea;false;ocean;0
1658;10;51;5;sea;false;ocean;0
1659;20;5;19;sea;false;ocean;0
1660;0;62;27;sea;false;ocean;0
1661;34;32;5;sea;false;ocean;0
1662;10;25;8;sea;true;ocean;0
1663;55;35;5;sea;false;ocean;0
1664;30;13;13;sea;false;ocean;0
1665;22;4;17;sea;false;ocean;0
1666;22;0;69;sea;false;ocean;0
1667;47;1;26;sea;false;ocean;0
1668;75;3;2;sea;false;ocean;0
1669;34;7;35;sea;false;ocean;0
1670;3;39;24;sea;true;ocean;0
1671;72;21;1;sea;false;ocean;0
1672;1;19;35;sea;false;ocean;0
1673;5;54;17;sea;false;ocean;0
1674;6;56;28;sea;false;ocean;0
1675;11;4;28;sea;false;ocean;0
1676;11;41;36;sea;false;ocean;0
1677;34;21;12;sea;false;ocean;0
1678;58;27;5;sea;false;ocean;0
1679;1;20;4;sea;false;ocean;0
1680;29;26;42;sea;false;ocean;0
1681;2;6;35;sea;false;ocean;0
1682;3;4;69;sea;false;ocean;0
1683;54;5;7;sea;false;ocean;0
1684;47;38;4;sea;false;ocean;0
1685;33;19;1;sea;false;ocean;0
1686;67;4;9;sea;false;ocean;0
1687;2;35;52;sea;false;ocean;0
1688;19;0;34;sea;false;ocean;0
1689;46;0;37;sea;false;ocean;0
1690;38;33;27;sea;true;ocean;0
1691;3;54;11;sea;false;ocean;0
1692;3;10;18;sea;false;ocean;0
1693;31;38;6;sea;false;ocean;0
1694;6;13;66;sea;false;ocean;0
1695;4;33;10;sea;false;ocean;0
1696;22;43;34;sea;false;ocean;0
1697;22;18;52;sea;true;ocean;0
1698;19;11;55;sea;false;ocean;0
1699;80;6;3;sea;false;ocean;0
1700;6;54;9;sea;false;ocean;0
1701;19;14;49;sea;false;ocean;0
1702;7;63;26;sea;false;ocean;0
1703;9;26;0;sea;false;ocean;0
1704;2;33;34;sea;false;ocean;0
1705;41;1;11;sea;false;ocean;0
1706;37;14;41;sea;false;ocean;0
1707;10;34;23;sea;false;ocean;0
1708;63;4;13;sea;false;ocean;0
1709;53;2;42;sea;false;ocean;0
1710;33;26;7;sea;false;ocean;0
1711;3;55;9;sea;false;ocean;0
1712;43;27;5;sea;false;ocean;0
1713;25;11;38;sea;false;ocean;0
1714;3;39;32;sea;false;ocean;0
1715;11;39;27;sea;false;ocean;0
1716;29;1;43;sea;false;ocean;0
1717;19;5;52;sea;false;ocean;0
1718;29;2;32;sea;false;ocean;0
1719;46;8;2;sea;false;ocean;0
1720;20;20;22;sea;false;ocean;0
1721;9;47;14;sea;false;ocean;0
1722;52;17;15;sea;false;ocean;0
1723;42;9;44;sea;true;ocean;0
1724;9;0;13;sea;false;ocean;0
1725;5;33;18;sea;false;ocean;0
1726;0;26;64;sea;false;ocean;0
1727;37;15;0;sea;false;ocean;0
1728;8;43;9;sea;false;ocean;0
1729;31;8;16;sea;false;ocean;0
1730;35;20;28;sea;false;ocean;0
1731;6;22;50;sea;false;ocean;0
1732;25;10;8;sea;false;ocean;0
1733;21;11;36;sea;false;ocean;0
1734;37;16;36;sea;false;ocean;0
1735;3;38;51;sea;false;ocean;0
1736;29;1;3;sea;false;ocean;0
1737;5;38;28;sea;false;ocean;0
1738;7;31;22;sea;true;ocean;0
1739;0;44;36;sea;false;ocean;0
1740;25;65;7;sea;false;ocean;0
1741;76;10;5;sea;true;ocean;0
1742;5;7;33;sea;false;ocean;0
1743;40;16;34;sea;false;ocean;0
1744;16;2;75;sea;false;ocean;0
1745;12;27;33;sea;false;ocean;0
1746;19;31;17;sea;false;ocean;0
1747;31;1;39;sea;true;ocean;0
1748;8;79;3;sea;false;ocean;0
1749;40;21;38;sea;false;ocean;0
1750;4;8;82;sea;false;ocean;0
1751;52;20;18;sea;false;ocean;0
1752;5;48;10;sea;false;ocean;0
1753;31;38;23;sea;false;ocean;0
1754;33;11;20;sea;false;ocean;0
1755;11;12;20;sea;false;ocean;0
1756;42;46;9;sea;true;ocean;0
1757;17;48;34;sea;false;ocean;0
1758;27;3;2;sea;false;ocean;0
1759;6;0;6;sea;false;ocean;0
1760;0;35;46;sea;false;ocean;0
1761;31;46;4;sea;false;ocean;0
1762;23;20;47;sea;false;ocean;0
1763;3;14;71;sea;false;ocean;0
1764;0;13;45;sea;false;ocean;0
1765;11;29;24;sea;true;ocean;0
1766;0;3;50;sea;false;ocean;0
1767;24;12;27;sea;false;ocean;0
1768;29;46;22;sea;false;ocean;0
1769;7;46;36;sea;false;ocean;0
1770;37;50;2;sea;false;ocean;0
1771;12;0;41;sea;false;ocean;0
1772;7;33;4;sea;false;ocean;0
1773;26;41;21;sea;false;ocean;0
1774;34;27;29;sea;false;ocean;0
1775;16;47;7;sea;false;ocean;0
1776;1;31;50;sea;false;ocean;0
1777;16;28;46;sea;true;ocean;0
1778;50;10;8;sea;false;ocean;0
1779;29;7;41;sea;false;ocean;0
1780;9;54;12;sea;false;ocean;0
1781;6;36;12;sea;false;ocean;0
1782;18;47;23;sea;false;ocean;0
1783;2;5;76;sea;false;ocean;0
1784;28;11;11;sea;false;ocean;0
1785;12;18;31;sea;true;ocean;0
1786;14;28;49;sea;false;ocean;0
1787;23;47;11;sea;false;ocean;0
1788;59;17;6;sea;false;ocean;0
1789;48;10;14;sea;true;ocean;0
1790;33;3;46;sea;true;ocean;0
1791;42;5;9;sea;false;ocean;0
1792;10;5;51;sea;false;ocean;0
1793;16;48;17;sea;false;ocean;0
1794;0;90;1;sea;false;ocean;0
1795;25;0;71;sea;false;ocean;0
1796;48;23;28;sea;false;ocean;0
1797;35;23;1;sea;true;ocean;0
1798;8;0;0;sea;false;ocean;0
1799;47;4;25;sea;true;ocean;0
1800;0;40;43;sea;false;ocean;0
1801;11;10;26;sea;false;ocean;0
1802;16;15;51;sea;false;ocean;0
1803;25;24;6;sea;false;ocean;0
1804;30;20;5;sea;false;ocean;0
1805;11;7;62;sea;false;ocean;0
1806;6;17;71;sea;false;ocean;0
1807;23;46;29;sea;false;ocean;0
1808;17;6;24;sea;false;ocean;0
1809;16;81;0;sea;false;ocean;0
1810;12;28;18;sea;false;ocean;0
1811;32;10;34;sea;true;ocean;0
1812;62;20;16;sea;false;ocean;0
1813;52;25;12;sea;false;ocean;0
1814;16;22;3;sea;true;ocean;0
1815;20;45;26;sea;false;ocean;0
1816;10;25;5;sea;false;ocean;0
1817;27;20;7;sea;false;ocean;0
1818;58;14;27;sea;false;ocean;0
1819;36;29;12;sea;false;ocean;0
1820;91;0;0;sea;false;ocean;0
1821;1;57;22;sea;false;ocean;0
1822;45;30;20;sea;false;ocean;0
1823;10;20;54;sea;false;ocean;0
1824;13;12;11;sea;false;ocean;0
1825;4;48;13;sea;false;ocean;0
1826;52;20;17;sea;false;ocean;0
1827;33;17;7;sea;false;ocean;0
1828;2;65;5;sea;false;ocean;0
1829;57;11;17;sea;false;ocean;0
1830;5;25;7;sea;false;ocean;0
1831;10;64;6;sea;false;ocean;0
1832;8;9;73;sea;true;ocean;0
1833;42;1;7;sea;false;ocean;0
1834;62;17;2;sea;false;ocean;0
1835;64;4;11;sea;false;ocean;0
1836;29;26;10;sea;false;ocean;0
1837;6;44;9;sea;false;ocean;0
1838;14;17;39;sea;false;ocean;0
1839;59;23;10;sea;false;ocean;0
1840;14;24;22;sea;false;ocean;0
1841;33;32;1;sea;false;ocean;0
1842;3;0;46;sea;false;ocean;0
1843;37;43;17;sea;false;ocean;0
1844;53;41;3;sea;false;ocean;0
1845;9;48;32;sea;true;ocean;0
1846;45;20;1;sea;false;ocean;0
1847;19;39;19;sea;false;ocean;0
1848;32;35;15;sea;true;ocean;0
1849;7;44;4;sea;false;ocean;0
1850;33;20;45;sea;false;ocean;0
1851;10;12;46;sea;false;ocean;0
1852;45;6;30;sea;false;ocean;0
1853;21;40;28;sea;false;ocean;0
1854;0;9;43;sea;false;ocean;0
1855;0;60;11;sea;false;ocean;0
1856;44;5;39;sea;false;ocean;0
1857;29;14;46;sea;true;ocean;0
1858;0;19;74;sea;false;ocean;0
1859;11;6;25;sea;false;ocean;0
1860;29;56;12;sea;false;ocean;0
1861;31;7;53;sea;false;ocean;0
1862;51;12;23;sea;false;ocean;0
1863;3;16;47;sea;true;ocean;0
1864;12;44;30;sea;false;ocean;0
1865;36;55;7;sea;false;ocean;0
1866;63;2;34;sea;false;ocean;0
1867;47;6;27;sea;true;ocean;0
1868;50;5;32;sea;false;ocean;0
1869;2;8;27;sea;false;ocean;0
1870;55;2;16;sea;false;ocean;0
1871;33;12;46;sea;false;ocean;0
1872;10;67;17;sea;false;ocean;0
1873;9;41;5;sea;false;ocean;0
1874;47;21;18;sea;false;ocean;0
1875;6;24;28;sea;false;ocean;0
1876;23;29;10;sea;false;ocean;0
1877;2;47;1;sea;true;ocean;0
1878;0;0;66;sea;false;ocean;0
1879;48;14;11;sea;false;ocean;0
1880;56;34;1;sea;false;ocean;0
1881;31;22;46;sea;false;ocean;0
1882;2;61;3;sea;false;ocean;0
1883;36;32;27;sea;false;ocean;0
1884;16;40;22;sea;false;ocean;0
1885;6;2;2;sea;false;ocean;0
1886;24;8;13;sea;false;ocean;0
1887;5;19;51;sea;false;ocean;0
1888;27;46;8;sea;false;ocean;0
1889;34;59;5;sea;true;ocean;0
1890;12;43;9;sea;false;ocean;0
1891;15;3;4;sea;false;ocean;0
1892;60;12;8;sea;false;ocean;0
1893;26;2;56;sea;false;ocean;0
1894;6;7;34;sea;false;ocean;0
1895;3;6;80;sea;false;ocean;0
1896;2;40;40;sea;false;ocean;0
1897;0;91;0;sea;false;ocean;0
1898;3;45;45;sea;false;ocean;0
1899;19;26;16;sea;true;ocean;0
1900;10;63;24;sea;true;ocean;0
1901;20;65;10;sea;false;ocean;0
1902;41;16;14;sea;false;ocean;0
1903;23;15;33;sea;false;ocean;0
1904;10;8;65;sea;false;ocean;0
1905;44;24;23;sea;false;ocean;0
1906;2;55;12;sea;false;ocean;0
1907;30;13;31;sea;false;ocean;0
1908;22;3;18;sea;false;ocean;0
1909;6;35;3;sea;true;ocean;0
1910;50;12;15;sea;false;ocean;0
1911;30;28;32;sea;true;ocean;0
1912;10;48;37;sea;false;ocean;0
1913;21;44;33;sea;false;ocean;0
1914;10;20;6;sea;true;ocean;0
1915;34;42;11;sea;false;ocean;0
1916;28;23;13;sea;false;ocean;0
1917;83;1;11;sea;false;ocean;0
1918;33;18;25;sea;false;ocean;0
1919;39;1;7;sea;false;ocean;0
1920;28;61;5;sea;false;ocean;0
1921;23;22;1;sea;false;ocean;0
1922;12;26;58;sea;false;ocean;0
1923;7;33;28;sea;false;ocean;0
1924;23;55;12;sea;false;ocean;0
1925;14;5;6;sea;false;ocean;0
1926;3;58;20;sea;false;ocean;0
1927;4;35;18;sea;false;ocean;0
1928;0;50;45;sea;false;ocean;0
1929;6;32;22;sea;false;ocean;0
1930;40;26;9;sea;false;ocean;0
1931;3;23;46;sea;false;ocean;0
1932;1;63;15;sea;false;ocean;0
1933;16;16;28;sea;false;ocean;0
1934;27;69;1;sea;false;ocean;0
1935;9;74;10;sea;false;ocean;0
1936;5;54;18;sea;false;ocean;0
1937;40;1;11;sea;true;ocean;0
1938;39;48;9;sea;true;ocean;0
1939;2;56;21;sea;false;ocean;0
1940;17;9;34;sea;false;ocean;0
1941;20;19;25;sea;false;ocean;0
1942;13;6;41;sea;true;ocean;0
1943;1;37;61;sea;false;ocean;0
1944;7;76;10;sea;false;ocean;0
1945;11;44;6;sea;false;ocean;0
1946;3;33;59;sea;true;ocean;0
1947;51;23;2;sea;false;ocean;0
1948;44;24;12;sea;false;ocean;0
1949;32;19;29;sea;false;ocean;0
1950;8;84;7;sea;true;ocean;0
1951;23;26;31;sea;false;ocean;0
1952;0;2;39;sea;false;ocean;0
1953;5;16;23;sea;false;ocean;0
1954;21;30;0;sea;false;ocean;0
1955;68;9;17;sea;false;ocean;0
1956;43;26;16;sea;false;ocean;0
1957;26;2;20;sea;false;ocean;0
1958;4;0;65;sea;false;ocean;0
1959;20;66;3;sea;false;ocean;0
1960;21;8;35;sea;false;ocean;0
1961;62;12;22;sea;false;ocean;0
1962;11;18;48;sea;false;ocean;0
1963;21;2;43;sea;false;ocean;0
1964;13;28;40;sea;false;ocean;0
1965;19;59;9;sea;false;ocean;0
1966;22;27;12;sea;false;ocean;0
1967;26;23;43;sea;false;ocean;0
1968;8;80;9;sea;false;ocean;0
1969;14;27;16;sea;false;ocean;0
1970;31;19;20;sea;false;ocean;0
1971;27;5;66;sea;false;ocean;0
1972;21;45;13;sea;false;ocean;0
1973;2;34;43;sea;true;ocean;0
1974;34;38;0;sea;true;ocean;0
1975;37;2;3;sea;false;ocean;0
1976;26;37;6;sea;false;ocean;0
1977;0;40;25;sea;false;ocean;0
1978;47;27;11;sea;true;ocean;0
1979;40;6;48;sea;false;ocean;0
1980;32;25;11;sea;false;ocean;0
1981;37;6;43;sea;false;ocean;0
1982;20;9;46;sea;true;ocean;0
1983;7;0;82;sea;false;ocean;0
1984;40;58;0;sea;false;ocean;0
1985;9;9;54;sea;false;ocean;0
1986;35;4;56;sea;false;ocean;0
1987;33;1;34;sea;false;ocean;0
1988;68;1;10;sea;true;ocean;0
1989;74;1;3;sea;false;ocean;0
1990;4;37;15;sea;false;ocean;0
1991;33;39;20;sea;false;ocean;0
1992;1;1;14;sea;false;ocean;0
1993;31;44;16;sea;false;ocean;0
1994;2;68;4;sea;false;ocean;0
1995;18;36;12;sea;true;ocean;0
1996;71;14;9;sea;false;ocean;0
1997;6;29;52;sea;false;ocean;0
1998;27;2;57;sea;false;ocean;0
1999;9;15;41;sea;false;ocean;0
2000;3;3;17;sea;false;ocean;0
2001;20;12;30;sea;false;ocean;0
2002;22;45;32;sea;false;ocean;0
2003;24;14;37;sea;false;ocean;0
2004;5;30;11;sea;false;ocean;0
2005;53;0;42;sea;false;ocean;0
2006;13;31;33;sea;true;ocean;0
2007;25;11;56;sea;false;ocean;0
2008;1;4;61;sea;false;ocean;0
2009;65;5;9;sea;false;ocean;0
2010;37;15;12;sea;false;ocean;0
2011;51;17;27;sea;false;ocean;0
2012;35;4;59;sea;false;ocean;0
2013;34;23;41;sea;false;ocean;0
2014;42;16;26;sea;false;ocean;0
2015;29;2;11;sea;false;ocean;0
2016;14;54;22;sea;false;ocean;0
2017;18;13;50;sea;false;ocean;0
2018;1;72;18;sea;false;ocean;0
2019;23;49;25;sea;false;ocean;0
2020;38;3;47;sea;false;ocean;0
2021;3;7;46;sea;false;ocean;0
2022;21;16;6;sea;false;ocean;0
2023;8;54;32;sea;false;ocean;0
2024;29;12;52;sea;false;ocean;0
2025;28;38;31;sea;false;ocean;0
2026;1;22;18;sea;false;ocean;0
2027;15;34;5;sea;false;ocean;0
2028;3;20;46;sea;true;ocean;0
2029;21;56;10;sea;false;ocean;0
2030;18;45;24;sea;false;ocean;0
2031;34;6;18;sea;false;ocean;0
2032;18;24;54;sea;false;ocean;0
2033;48;31;9;sea;false;ocean;0
2034;33;34;2;sea;false;ocean;0
2035;30;40;22;sea;false;ocean;0
2036;1;13;54;sea;true;ocean;0
2037;9;11;28;sea;false;ocean;0
2038;17;38;9;sea;false;ocean;0
2039;54;2;41;sea;false;ocean;0
2040;44;8;4;sea;false;ocean;0
2041;5;68;9;sea;false;ocean;0
2042;14;41;10;sea;false;ocean;0
2043;17;34;27;sea;false;ocean;0
2044;37;49;0;sea;false;ocean;0
2045;43;34;2;sea;true;ocean;0
2046;20;22;33;sea;true;ocean;0
2047;33;1;1;sea;false;ocean;0
2048;10;7;16;sea;false;ocean;0
2049;6;21;48;sea;true;ocean;0
2050;60;9;10;sea;false;ocean;0
2051;15;20;61;sea;true;ocean;0
2052;30;31;29;sea;false;ocean;0
2053;51;35;5;sea;false;ocean;0
2054;1;21;23;sea;false;ocean;0
2055;59;9;26;sea;false;ocean;0
2056;4;14;80;sea;false;ocean;0
2057;25;67;5;sea;false;ocean;0
2058;13;14;63;sea;false;ocean;0
2059;7;4;75;sea;false;ocean;0
2060;27;37;10;sea;false;ocean;0
2061;0;94;5;sea;false;ocean;0
2062;52;31;6;sea;false;ocean;0
2063;26;23;50;sea;true;ocean;0
2064;2;40;53;sea;true;ocean;0
2065;12;22;65;sea;false;ocean;0
2066;28;4;49;sea;false;ocean;0
2067;13;7;15;sea;true;ocean;0
2068;6;16;37;sea;false;ocean;0
2069;6;4;9;sea;false;ocean;0
2070;1;3;66;sea;false;ocean;0
2071;15;20;24;sea;false;ocean;0
2072;17;65;13;sea;false;ocean;0
2073;13;24;16;sea;false;ocean;0
2074;17;16;11;sea;false;ocean;0
2075;12;37;43;sea;false;ocean;0
2076;10;17;49;sea;false;ocean;0
2077;30;10;10;sea;false;ocean;0
2078;11;53;26;sea;false;ocean;0
2079;19;45;24;sea;true;ocean;0
2080;49;22;20;sea;false;ocean;0
2081;36;26;2;sea;false;ocean;0
2082;24;7;2;sea;true;ocean;0
2083;43;5;24;sea;false;ocean;0
2084;7;37;25;sea;false;ocean;0
2085;14;1;75;sea;false;ocean;0
2086;39;51;1;sea;false;ocean;0
2087;7;88;2;sea;false;ocean;0
2088;15;39;22;sea;false;ocean;0
2089;14;23;29;sea;false;ocean;0
2090;20;22;34;sea;true;ocean;0
2091;2;41;56;sea;false;ocean;0
2092;18;19;30;sea;true;ocean;0
2093;39;4;26;sea;false;ocean;0
2094;21;55;15;sea;false;ocean;0
2095;20;34;26;sea;false;ocean;0
2096;28;51;3;sea;false;ocean;0
2097;24;20;3;sea;false;ocean;0
2098;37;28;21;sea;false;ocean;0
2099;23;31;31;sea;false;ocean;0
2100;51;8;5;sea;false;ocean;0
2101;48;7;20;sea;false;ocean;0
2102;30;18;17;sea;false;ocean;0
2103;34;18;15;sea;false;ocean;0
2104;3;54;0;sea;false;ocean;0
2105;62;27;10;sea;false;ocean;0
2106;13;1;11;sea;true;ocean;0
2107;0;92;7;sea;false;ocean;0
2108;31;24;31;sea;false;ocean;0
2109;26;2;14;sea;false;ocean;0
2110;60;12;26;sea;false;ocean;0
2111;2;57;0;sea;true;ocean;0
2112;12;4;14;sea;true;ocean;0
2113;37;16;19;sea;false;ocean;0
2114;61;15;2;sea;false;ocean;0
2115;1;35;24;sea;false;ocean;0
2116;32;24;28;sea;false;ocean;0
2117;59;2;4;sea;false;ocean;0
2118;5;66;24;sea;false;ocean;0
2119;46;17;15;sea;true;ocean;0
2120;30;13;23;sea;false;ocean;0
2121;1;49;2;sea;true;ocean;0
2122;14;44;23;sea;false;ocean;0
2123;9;43;23;sea;false;ocean;0
2124;12;1;20;sea;false;ocean;0
2125;47;23;2;sea;false;ocean;0
2126;9;89;1;sea;false;ocean;0
2127;2;66;7;sea;true;ocean;0
2128;38;1;37;sea;false;ocean;0
2129;47;0;51;sea;false;ocean;0
2130;77;3;1;sea;true;ocean;0
2131;3;91;3;sea;false;ocean;0
2132;54;23;3;sea;false;ocean;0
2133;43;9;37;sea;false;ocean;0
2134;25;44;28;sea;false;ocean;0
2135;43;10;10;sea;false;ocean;0
2136;56;10;2;sea;false;ocean;0
2137;3;29;39;sea;true;ocean;0
2138;27;62;8;sea;true;ocean;0
2139;53;43;0;sea;false;ocean;0
2140;7;68;8;sea;false;ocean;0
2141;40;16;28;sea;false;ocean;0
2142;4;54;34;sea;false;ocean;0
2143;54;23;4;sea;false;ocean;0
2144;5;15;20;sea;true;ocean;0
2145;71;8;19;sea;false;ocean;0
2146;14;36;15;sea;true;ocean;0
2147;25;9;56;sea;false;ocean;0
2148;12;58;6;sea;false;ocean;0
2149;25;27;18;sea;false;ocean;0
2150;9;49;13;sea;false;ocean;0
2151;74;7;16;sea;true;ocean;0
2152;17;23;9;sea;false;ocean;0
2153;14;46;9;sea;false;ocean;0
2154;26;11;11;sea;false;ocean;0
2155;31;16;48;sea;false;ocean;0
2156;45;3;1;sea;true;ocean;0
2157;30;24;6;sea;false;ocean;0
2158;1;23;11;sea;false;ocean;0
2159;38;19;0;sea;true;ocean;0
2160;15;34;41;sea;false;ocean;0
2161;56;4;8;sea;false;ocean;0
2162;16;59;15;sea;true;ocean;0
2163;7;35;44;sea;false;ocean;0
2164;61;21;12;sea;false;ocean;0
2165;57;28;2;sea;true;ocean;0
2166;9;17;69;sea;false;ocean;0
2167;49;3;39;sea;true;ocean;0
2168;36;14;9;sea;false;ocean;0
2169;30;2;21;sea;false;ocean;0
2170;0;42;21;sea;false;ocean;0
2171;65;8;3;sea;false;ocean;0
2172;8;9;56;sea;false;ocean;0
2173;31;14;3;sea;true;ocean;0
2174;41;18;14;sea;false;ocean;0
2175;31;12;46;sea;false;ocean;0
2176;16;4;76;sea;false;ocean;0
2177;28;22;12;sea;false;ocean;0
2178;22;54;10;sea;false;ocean;0
2179;42;20;14;sea;false;ocean;0
2180;65;7;12;sea;false;ocean;0
2181;20;9;52;sea;true;ocean;0
2182;42;26;1;sea;false;ocean;0
2183;2;57;21;sea;true;ocean;0
2184;1;70;28;sea;false;ocean;0
2185;2;44;44;sea;false;ocean;0
2186;25;18;51;sea;false;ocean;0
2187;26;11;2;sea;false;ocean;0
2188;14;28;6;sea;false;ocean;0
2189;31;50;18;sea;true;ocean;0
2190;9;15;43;sea;false;ocean;0
2191;3;5;85;sea;false;ocean;0
2192;35;6;27;sea;false;ocean;0
2193;58;6;11;sea;false;ocean;0
2194;5;67;13;sea;false;ocean;0
2195;7;50;5;sea;false;ocean;0
2196;10;21;5;sea;false;ocean;0
2197;8;11;56;sea;false;ocean;0
2198;32;42;3;sea;false;ocean;0
2199;36;45;1;sea;false;ocean;0
2200;9;51;38;sea;false;ocean;0
2201;5;59;11;sea;false;ocean;0
2202;52;13;8;sea;true;ocean;0
2203;51;8;17;sea;false;ocean;0
2204;28;9;0;sea;false;ocean;0
2205;14;18;16;sea;false;ocean;0
2206;14;1;54;sea;true;ocean;0
2207;73;12;14;sea;true;ocean;0
2208;24;40;13;sea;false;ocean;0
2209;2;24;72;sea;false;ocean;0
2210;2;65;27;sea;false;ocean;0
2211;38;17;42;sea;false;ocean;0
2212;22;49;21;sea;false;ocean;0
2213;2;79;12;sea;true;ocean;0
2214;43;14;7;sea;false;ocean;0
2215;7;19;60;sea;false;ocean;0
2216;38;14;2;sea;true;ocean;0
2217;29;36;5;sea;false;ocean;0
2218;26;33;33;sea;false;ocean;0
2219;8;27;19;sea;false;ocean;0
2220;22;44;5;sea;false;ocean;0
2221;38;5;51;sea;false;ocean;0
2222;44;1;32;sea;false;ocean;0
2223;23;7;35;sea;true;ocean;0
2224;37;5;31;sea;false;ocean;0
2225;14;18;29;sea;false;ocean;0
2226;7;0;76;sea;false;ocean;0
2227;49;7;43;sea;false;ocean;0
2228;12;22;23;sea;true;ocean;0
2229;0;5;51;sea;false;ocean;0
2230;28;0;47;sea;true;ocean;0
2231;18;11;49;sea;false;ocean;0
2232;23;24;33;sea;false;ocean;0
2233;36;2;38;sea;false;ocean;0
2234;43;13;28;sea;false;ocean;0
2235;4;55;18;sea;false;ocean;0
2236;64;21;2;sea;true;ocean;0
2237;3;9;20;sea;false;ocean;0
2238;3;7;48;sea;false;ocean;0
2239;16;10;8;sea;false;ocean;0
2240;15;23;7;sea;false;ocean;0
2241;9;69;12;sea;false;ocean;0
2242;9;1;31;sea;false;ocean;0
2243;34;34;16;sea;false;ocean;0
2244;55;7;14;sea;false;ocean;0
2245;1;56;37;sea;false;ocean;0
2246;10;85;1;sea;true;ocean;0
2247;42;11;34;sea;false;ocean;0
2248;41;14;32;sea;false;ocean;0
2249;39;1;16;sea;false;ocean;0
2250;10;56;7;sea;false;ocean;0
2251;7;46;5;sea;false;ocean;0
2252;24;28;25;sea;false;ocean;0
2253;6;9;67;sea;true;ocean;0
2254;1;1;94;sea;true;ocean;0
2255;29;23;3;sea;false;ocean;0
2256;21;63;0;sea;false;ocean;0
2257;65;13;19;sea;true;ocean;0
2258;9;39;41;sea;false;ocean;0
2259;26;14;49;sea;false;ocean;0
2260;5;20;59;sea;false;ocean;0
2261;22;37;23;sea;false;ocean;0
2262;5;72;20;sea;false;ocean;0
2263;19;4;42;sea;false;ocean;0
2264;37;28;13;sea;false;ocean;0
2265;5;4;28;sea;false;ocean;0
2266;18;16;47;sea;false;ocean;0
2267;26;35;27;sea;false;ocean;0
2268;40;4;12;sea;false;ocean;0
2269;41;23;31;sea;false;ocean;0
2270;9;11;37;sea;false;ocean;0
2271;27;43;29;sea;false;ocean;0
2272;57;32;2;sea;false;ocean;0
2273;27;2;40;sea;true;ocean;0
2274;16;3;7;sea;false;ocean;0
2275;19;39;37;sea;false;ocean;0
2276;20;16;36;sea;false;ocean;0
2277;50;0;12;sea;false;ocean;0
2278;19;36;9;sea;false;ocean;0
2279;87;10;0;sea;false;ocean;0
2280;39;35;5;sea;false;ocean;0
2281;35;41;19;sea;false;ocean;0
2282;64;5;17;sea;false;ocean;0
2283;10;13;53;sea;false;ocean;0
2284;60;10;3;sea;true;ocean;0
2285;6;4;18;sea;false;ocean;0
2286;32;35;24;sea;true;ocean;0
2287;11;22;21;sea;false;ocean;0
2288;75;16;5;sea;true;ocean;0
2289;3;22;21;sea;false;ocean;0
2290;6;27;9;sea;false;ocean;0
2291;0;22;40;sea;false;ocean;0
2292;20;37;23;sea;false;ocean;0
2293;22;18;3;sea;false;ocean;0
2294;26;7;35;sea;false;ocean;0
2295;3;21;21;sea;false;ocean;0
2296;36;14;26;sea;true;ocean;0
2297;20;24;7;sea;false;ocean;0
2298;37;7;40;sea;false;ocean;0
2299;59;0;28;sea;false;ocean;0
2300;23;11;11;sea;false;ocean;0
2301;21;22;50;sea;false;ocean;0
2302;14;11;14;sea;false;ocean;0
2303;19;12;8;sea;false;ocean;0
2304;73;0;16;sea;false;ocean;0
2305;6;45;14;sea;false;ocean;0
2306;16;53;13;sea;false;ocean;0
2307;20;33;18;sea;false;ocean;0
2308;10;65;17;sea;false;ocean;0
2309;38;14;3;sea;true;ocean;0
2310;4;0;12;sea;false;ocean;0
2311;11;31;42;sea;true;ocean;0
2312;6;15;51;sea;true;ocean;0
2313;41;10;3;sea;false;ocean;0
2314;25;29;29;sea;false;ocean;0
2315;33;31;24;sea;true;ocean;0
2316;56;15;9;sea;false;ocean;0
2317;7;4;81;sea;false;ocean;0
2318;0;63;31;sea;false;ocean;0
2319;23;15;38;sea;false;ocean;0
2320;14;51;14;sea;false;ocean;0
2321;22;8;9;sea;true;ocean;0
2322;9;19;44;sea;false;ocean;0
2323;5;34;24;sea;false;ocean;0
2324;28;14;50;sea;false;ocean;0
2325;47;3;35;sea;false;ocean;0
2326;15;22;44;sea;false;ocean;0
2327;10;13;44;sea;false;ocean;0
2328;27;54;8;sea;false;ocean;0
2329;11;72;14;sea;false;ocean;0
2330;22;32;13;sea;true;ocean;0
2331;8;50;32;sea;true;ocean;0
2332;77;2;10;sea;false;ocean;0
2333;59;20;2;sea;false;ocean;0
2334;1;19;12;sea;true;ocean;0
2335;51;23;7;sea;false;ocean;0
2336;8;38;35;sea;false;ocean;0
2337;47;6;36;sea;false;ocean;0
2338;17;0;71;sea;true;ocean;0
2339;20;10;43;sea;false;ocean;0
2340;5;14;27;sea;false;ocean;0
2341;20;8;6;sea;true;ocean;0
2342;16;73;4;sea;true;ocean;0
2343;10;13;34;sea;true;ocean;0
2344;1;32;32;sea;false;ocean;0
2345;13;1;77;sea;false;ocean;0
2346;53;40;5;sea;false;ocean;0
2347;27;35;11;sea;false;ocean;0
2348;34;9;8;sea;false;ocean;0
2349;5;34;47;sea;false;ocean;0
2350;59;21;3;sea;false;ocean;0
2351;3;5;18;sea;false;ocean;0
2352;24;52;7;sea;false;ocean;0
2353;7;50;30;sea;false;ocean;0
2354;11;4;56;sea;false;ocean;0
2355;25;12;7;sea;false;ocean;0
2356;26;37;19;sea;false;ocean;0
2357;3;4;76;sea;false;ocean;0
2358;1;24;51;sea;false;ocean;0
2359;6;2;44;sea;false;ocean;0
2360;22;38;11;sea;false;ocean;0
2361;11;11;1;sea;false;ocean;0
2362;47;10;38;sea;false;ocean;0
2363;8;72;16;sea;false;ocean;0
2364;17;29;32;sea;true;ocean;0
2365;56;7;19;sea;false;ocean;0
2366;44;7;15;sea;false;ocean;0
2367;10;61;7;sea;false;ocean;0
2368;35;25;23;sea;false;ocean;0
2369;88;4;2;sea;true;ocean;0
2370;35;55;2;sea;false;ocean;0
2371;10;2;27;sea;false;ocean;0
2372;30;9;25;sea;false;ocean;0
2373;42;6;47;sea;false;ocean;0
2374;10;1;49;sea;false;ocean;0
2375;62;19;0;sea;false;ocean;0
2376;15;16;48;sea;false;ocean;0
2377;21;43;34;sea;true;ocean;0
2378;31;30;16;sea;true;ocean;0
2379;40;13;16;sea;false;ocean;0
2380;1;53;20;sea;false;ocean;0
2381;8;49;22;sea;false;ocean;0
2382;38;45;14;sea;false;ocean;0
2383;4;64;21;sea;false;ocean;0
2384;16;11;52;sea;false;ocean;0
2385;29;45;6;sea;false;ocean;0
2386;1;42;1;sea;true;ocean;0
2387;3;84;9;sea;false;ocean;0
2388;55;0;25;sea;false;ocean;0
2389;50;22;1;sea;true;ocean;0
2390;37;39;0;sea;false;ocean;0
2391;14;56;16;sea;false;ocean;0
2392;5;31;25;sea;false;ocean;0
2393;2;46;9;sea;false;ocean;0
2394;33;13;41;sea;false;ocean;0
2395;34;51;1;sea;false;ocean;0
2396;27;16;12;sea;false;ocean;0
2397;31;9;26;sea;false;ocean;0
2398;6;8;32;sea;false;ocean;0
2399;14;44;16;sea;false;ocean;0
2400;12;44;40;sea;false;ocean;0
2401;65;6;25;sea;false;ocean;0
2402;31;32;2;sea;false;ocean;0
2403;29;2;30;sea;false;ocean;0
2404;0;86;5;sea;false;ocean;0
2405;7;14;9;sea;false;ocean;0
2406;3;11;29;sea;false;ocean;0
2407;2;12;72;sea;true;ocean;0
2408;41;4;8;sea;false;ocean;0
2409;19;39;5;sea;false;ocean;0
2410;6;44;19;sea;true;ocean;0
2411;31;8;58;sea;true;ocean;0
2412;47;46;3;sea;true;ocean;0
2413;50;1;24;sea;false;ocean;0
2414;3;13;12;sea;false;ocean;0
2415;23;23;53;sea;false;ocean;0
2416;17;43;18;sea;false;ocean;0
2417;4;76;12;sea;false;ocean;0
2418;44;35;7;sea;false;ocean;0
2419;0;28;33;sea;false;ocean;0
2420;11;1;45;sea;false;ocean;0
2421;31;8;23;sea;false;ocean;0
2422;23;28;40;sea;false;ocean;0
2423;59;3;32;sea;false;ocean;0
2424;10;4;49;sea;true;ocean;0
2425;23;14;54;sea;false;ocean;0
2426;26;11;37;sea;false;ocean;0
2427;30;1;63;sea;false;ocean;0
2428;19;43;28;sea;true;ocean;0
2429;37;3;20;sea;false;ocean;0
2430;34;3;32;sea;false;ocean;0
2431;12;19;32;sea;true;ocean;0
2432;11;22;54;sea;false;ocean;0
2433;62;3;27;sea;false;ocean;0
2434;2;17;58;sea;false;ocean;0
2435;35;7;32;sea;false;ocean;0
2436;37;10;11;sea;false;ocean;0
2437;0;32;20;sea;true;ocean;0
2438;73;21;1;sea;false;ocean;0
2439;35;16;23;sea;false;ocean;0
2440;27;14;17;sea;false;ocean;0
2441;61;33;2;sea;true;ocean;0
2442;51;17;4;sea;false;ocean;0
2443;2;44;17;sea;false;ocean;0
2444;20;2;66;sea;true;ocean;0
2445;28;41;11;sea;false;ocean;0
2446;10;52;2;sea;false;ocean;0
2447;8;30;3;sea;false;ocean;0
2448;49;6;13;sea;false;ocean;0
2449;51;13;21;sea;false;ocean;0
2450;35;16;21;sea;false;ocean;0
2451;57;8;10;sea;false;ocean;0
2452;3;16;9;sea;false;ocean;0
2453;13;42;25;sea;false;ocean;0
2454;7;3;61;sea;false;ocean;0
2455;10;18;51;sea;false;ocean;0
2456;22;19;13;sea;false;ocean;0
2457;33;6;49;sea;true;ocean;0
2458;7;1;52;sea;false;ocean;0
2459;5;45;23;sea;false;ocean;0
2460;60;28;11;sea;false;ocean;0
2461;52;11;27;sea;true;ocean;0
2462;24;32;36;sea;false;ocean;0
2463;10;5;1;sea;true;ocean;0
2464;2;29;11;sea;false;ocean;0
2465;27;70;2;sea;true;ocean;0
2466;39;17;37;sea;false;ocean;0
2467;30;25;39;sea;false;ocean;0
2468;6;35;9;sea;false;ocean;0
2469;13;0;0;sea;true;ocean;0
2470;36;28;26;sea;false;ocean;0
2471;38;15;9;sea;false;ocean;0
2472;7;45;42;sea;false;ocean;0
2473;1;62;35;sea;true;ocean;0
2474;1;55;33;sea;false;ocean;0
2475;5;20;49;sea;true;ocean;0
2476;30;45;22;sea;false;ocean;0
2477;80;5;12;sea;false;ocean;0
2478;18;54;20;sea;false;ocean;0
2479;45;40;6;sea;false;ocean;0
2480;5;45;7;sea;false;ocean;0
2481;12;22;20;sea;false;ocean;0
2482;27;8;49;sea;false;ocean;0
2483;0;60;34;sea;false;ocean;0
2484;34;17;45;sea;false;ocean;0
2485;6;35;23;sea;false;ocean;0
2486;25;22;5;sea;false;ocean;0
2487;15;3;69;sea;false;ocean;0
2488;56;18;9;sea;false;ocean;0
2489;25;53;17;sea;false;ocean;0
2490;55;6;8;sea;false;ocean;0
2491;2;15;29;sea;false;ocean;0
2492;57;35;1;sea;false;ocean;0
2493;38;18;1;sea;false;ocean;0
2494;10;3;44;sea;false;ocean;0
2495;36;18;15;sea;false;ocean;0
2496;15;9;67;sea;false;ocean;0
2497;4;51;43;sea;false;ocean;0
2498;19;69;3;sea;false;ocean;0
2499;7;35;10;sea;false;ocean;0
2500;16;23;2;sea;true;ocean;0
2501;33;25;28;sea;false;ocean;0
2502;34;10;40;sea;false;ocean;0
2503;0;35;15;sea;true;ocean;0
2504;4;11;2;sea;false;ocean;0
2505;6;26;35;sea;false;ocean;0
2506;45;8;32;sea;true;ocean;0
2507;5;14;18;sea;false;ocean;0
2508;29;37;32;sea;false;ocean;0
2509;24;37;35;sea;false;ocean;0
2510;57;33;3;sea;false;ocean;0
2511;10;40;34;sea;false;ocean;0
2512;46;9;23;sea;false;ocean;0
2513;8;5;48;sea;false;ocean;0
2514;8;2;72;sea;false;ocean;0
2515;1;36;41;sea;false;ocean;0
2516;38;24;15;sea;false;ocean;0
2517;25;52;22;sea;true;ocean;0
2518;0;10;25;sea;false;ocean;0
2519;3;4;40;sea;false;ocean;0
2520;47;1;39;sea;false;ocean;0
2521;42;14;25;sea;true;ocean;0
2522;33;41;0;sea;true;ocean;0
2523;33;9;39;sea;false;ocean;0
2524;8;25;49;sea;false;ocean;0
2525;5;12;10;sea;false;ocean;0
2526;34;2;44;sea;true;ocean;0
2527;25;6;23;sea;false;ocean;0
2528;45;20;15;sea;true;ocean;0
2529;83;8;6;sea;false;ocean;0
2530;50;14;3;sea;false;ocean;0
2531;40;4;4;sea;false;ocean;0
2532;43;41;0;sea;false;ocean;0
2533;43;17;15;sea;false;ocean;0
2534;13;16;70;sea;true;ocean;0
2535;3;21;47;sea;true;ocean;0
2536;4;84;3;sea;false;ocean;0
2537;19;1;10;sea;false;ocean;0
2538;0;0;54;sea;true;ocean;0
2539;23;7;43;sea;false;ocean;0
2540;9;14;27;sea;false;ocean;0
2541;34;5;59;sea;false;ocean;0
2542;30;0;44;sea;true;ocean;0
2543;26;16;34;sea;false;ocean;0
2544;15;52;25;sea;false;ocean;0
2545;3;15;37;sea;false;ocean;0
2546;54;5;15;sea;false;ocean;0
2547;4;3;84;sea;false;ocean;0
2548;29;12;46;sea;false;ocean;0
2549;17;12;57;sea;false;ocean;0
2550;23;14;22;sea;false;ocean;0
2551;17;19;45;sea;false;ocean;0
2552;10;46;23;sea;false;ocean;0
2553;21;26;48;sea;false;ocean;0
2554;2;19;20;sea;false;ocean;0
2555;17;21;52;sea;false;ocean;0
2556;10;15;7;sea;false;ocean;0
2557;12;64;3;sea;false;ocean;0
2558;13;0;33;sea;false;ocean;0
2559;40;16;33;sea;false;ocean;0
2560;3;24;6;sea;false;ocean;0
2561;12;54;1;sea;false;ocean;0
2562;5;21;54;sea;false;ocean;0
2563;20;1;27;sea;true;ocean;0
2564;4;5;59;sea;false;ocean;0
2565;30;23;25;sea;false;ocean;0
2566;14;5;70;sea;true;ocean;0
2567;6;6;47;sea;true;ocean;0
2568;25;17;5;sea;false;ocean;0
2569;80;2;15;sea;false;ocean;0
2570;10;75;7;sea;false;ocean;0
2571;53;31;3;sea;true;ocean;0
2572;12;16;27;sea;true;ocean;0
2573;31;1;67;sea;true;ocean;0
2574;27;3;15;sea;false;ocean;0
2575;1;61;37;sea;false;ocean;0
2576;32;37;23;sea;true;ocean;0
2577;41;19;4;sea;false;ocean;0
2578;49;8;6;sea;false;ocean;0
2579;25;41;2;sea;true;ocean;0
2580;13;46;38;sea;false;ocean;0
2581;28;18;9;sea;false;ocean;0
2582;3;32;18;sea;false;ocean;0
2583;22;17;40;sea;false;ocean;0
2584;31;1;23;sea;false;ocean;0
2585;35;55;0;sea;false;ocean;0
2586;7;16;23;sea;true;ocean;0
2587;49;8;36;sea;true;ocean;0
2588;15;5;52;sea;false;ocean;0
2589;1;53;3;sea;false;ocean;0
2590;26;5;2;sea;false;ocean;0
2591;15;33;12;sea;false;ocean;0
2592;10;37;5;sea;false;ocean;0
2593;0;44;55;sea;false;ocean;0
2594;38;13;14;sea;false;ocean;0
2595;20;10;4;sea;true;ocean;0
2596;9;71;11;sea;false;ocean;0
2597;0;45;22;sea;true;ocean;0
2598;12;2;43;sea;false;ocean;0
2599;9;25;8;sea;false;ocean;0
2600;17;27;41;sea;false;ocean;0
2601;3;7;86;sea;true;ocean;0
2602;35;7;13;sea;false;ocean;0
2603;45;8;37;sea;true;ocean;0
2604;22;21;17;sea;false;ocean;0
2605;1;18;8;sea;true;ocean;0
2606;18;38;1;sea;false;ocean;0
2607;8;11;16;sea;false;ocean;0
2608;35;5;18;sea;true;ocean;0
2609;14;21;53;sea;false;ocean;0
2610;9;6;14;sea;false;ocean;0
2611;9;48;26;sea;false;ocean;0
2612;38;4;25;sea;false;ocean;0
2613;4;16;73;sea;false;ocean;0
2614;0;35;49;sea;false;ocean;0
2615;50;32;0;sea;true;ocean;0
2616;30;11;33;sea;false;ocean;0
2617;82;7;3;sea;false;ocean;0
2618;9;24;38;sea;false;ocean;0
2619;7;44;31;sea;true;ocean;0
2620;17;43;16;sea;false;ocean;0
2621;17;19;3;sea;false;ocean;0
2622;10;21;24;sea;false;ocean;0
2623;52;18;14;sea;false;ocean;0
2624;11;14;58;sea;false;ocean;0
2625;8;16;4;sea;true;ocean;0
2626;6;8;57;sea;false;ocean;0
2627;37;9;40;sea;true;ocean;0
2628;53;4;1;sea;false;ocean;0
2629;40;1;48;sea;true;ocean;0
2630;33;57;4;sea;false;ocean;0
2631;30;48;12;sea;false;ocean;0
2632;27;7;38;sea;false;ocean;0
2633;54;17;13;sea;false;ocean;0
2634;26;35;22;sea;true;ocean;0
2635;34;7;34;sea;false;ocean;0
2636;12;57;24;sea;false;ocean;0
2637;58;1;32;sea;false;ocean;0
2638;26;45;2;sea;false;ocean;0
2639;35;31;24;sea;false;ocean;0
2640;26;10;43;sea;false;ocean;0
2641;2;26;43;sea;false;ocean;0
2642;24;3;15;sea;false;ocean;0
2643;29;1;18;sea;true;ocean;0
2644;39;15;9;sea;true;ocean;0
2645;16;18;43;sea;false;ocean;0
2646;5;23;38;sea;false;ocean;0
2647;18;68;9;sea;false;ocean;0
2648;23;10;63;sea;false;ocean;0
2649;46;4;24;sea;false;ocean;0
2650;37;21;13;sea;false;ocean;0
2651;31;46;21;sea;false;ocean;0
2652;2;17;39;sea;false;ocean;0
2653;8;36;50;sea;false;ocean;0
2654;45;31;11;sea;false;ocean;0
2655;20;24;6;sea;false;ocean;0
2656;59;4;9;sea;false;ocean;0
2657;17;22;13;sea;false;ocean;0
2658;17;52;15;sea;false;ocean;0
2659;31;4;5;sea;false;ocean;0
2660;7;30;53;sea;false;ocean;0
2661;30;35;15;sea;false;ocean;0
2662;49;3;26;sea;false;ocean;0
2663;14;23;15;sea;false;ocean;0
2664;12;60;26;sea;true;ocean;0
2665;3;85;4;sea;false;ocean;0
2666;43;26;3;sea;false;ocean;0
2667;5;9;20;sea;false;ocean;0
2668;26;11;40;sea;true;ocean;0
2669;14;2;58;sea;true;ocean;0
2670;15;4;8;sea;false;ocean;0
2671;65;16;16;sea;true;ocean;0
2672;24;21;51;sea;false;ocean;0
2673;19;5;73;sea;false;ocean;0
2674;36;26;15;sea;true;ocean;0
2675;19;19;8;sea;true;ocean;0
2676;28;24;9;sea;false;ocean;0
2677;14;7;26;sea;true;ocean;0
2678;27;35;4;sea;false;ocean;0
2679;46;17;8;sea;false;ocean;0
2680;10;31;6;sea;false;ocean;0
2681;7;29;0;sea;false;ocean;0
2682;25;6;56;sea;false;ocean;0
2683;9;0;55;sea;false;ocean;0
2684;8;9;80;sea;false;ocean;0
2685;41;11;21;sea;false;ocean;0
2686;40;7;30;sea;false;ocean;0
2687;10;34;32;sea;true;ocean;0
2688;0;55;4;sea;false;ocean;0
2689;29;18;22;sea;true;ocean;0
2690;21;21;15;sea;false;ocean;0
2691;9;23;26;sea;false;ocean;0
2692;2;44;25;sea;false;ocean;0
2693;19;14;64;sea;true;ocean;0
2694;17;10;50;sea;true;ocean;0
2695;48;12;17;sea;false;ocean;0
2696;3;59;4;sea;false;ocean;0
2697;75;11;0;sea;false;ocean;0
2698;9;12;43;sea;true;ocean;0
2699;17;67;15;sea;false;ocean;0
2700;41;5;30;sea;false;ocean;0
2701;37;35;12;sea;true;ocean;0
2702;36;12;15;sea;false;ocean;0
2703;36;24;0;sea;false;ocean;0
2704;15;57;22;sea;false;ocean;0
2705;36;8;38;sea;false;ocean;0
2706;43;1;0;sea;false;ocean;0
2707;9;9;67;sea;true;ocean;0
2708;81;8;5;sea;true;ocean;0
2709;18;32;43;sea;false;ocean;0
2710;30;49;13;sea;true;ocean;0
2711;5;8;81;sea;false;ocean;0
2712;42;18;31;sea;false;ocean;0
2713;11;23;23;sea;false;ocean;0
2714;12;56;21;sea;true;ocean;0
2715;12;20;51;sea;false;ocean;0
2716;16;44;38;sea;false;ocean;0
2717;23;38;31;sea;false;ocean;0
2718;27;26;32;sea;false;ocean;0
2719;18;9;23;sea;true;ocean;0
2720;18;31;16;sea;false;ocean;0
2721;0;68;23;sea;false;ocean;0
2722;66;14;4;sea;false;ocean;0
2723;38;37;7;sea;false;ocean;0
2724;2;81;15;sea;false;ocean;0
2725;2;4;31;sea;true;ocean;0
2726;16;28;11;sea;true;ocean;0
2727;46;32;18;sea;false;ocean;0
2728;24;1;23;sea;false;ocean;0
2729;0;7;38;sea;false;ocean;0
2730;82;0;17;sea;false;ocean;0
2731;56;7;27;sea;true;ocean;0
2732;21;58;7;sea;true;ocean;0
2733;5;4;80;sea;false;ocean;0
2734;37;26;31;sea;false;ocean;0
2735;42;18;1;sea;false;ocean;0
2736;42;0;41;sea;false;ocean;0
2737;1;50;11;sea;false;ocean;0
2738;15;43;33;sea;false;ocean;0
2739;42;13;33;sea;false;ocean;0
2740;5;30;16;sea;false;ocean;0
2741;69;24;3;sea;false;ocean;0
2742;68;5;21;sea;false;ocean;0
2743;31;9;46;sea;false;ocean;0
2744;56;1;41;sea;true;ocean;0
2745;6;11;43;sea;false;ocean;0
2746;52;39;1;sea;true;ocean;0
2747;39;45;5;sea;false;ocean;0
2748;17;39;22;sea;false;ocean;0
2749;19;38;8;sea;false;ocean;0
2750;10;36;44;sea;false;ocean;0
2751;2;41;38;sea;true;ocean;0
2752;1;3;23;sea;false;ocean;0
2753;1;47;12;sea;false;ocean;0
2754;67;2;25;sea;true;ocean;0
2755;12;20;18;sea;true;ocean;0
2756;13;35;51;sea;false;ocean;0
2757;3;61;31;sea;false;ocean;0
2758;4;5;37;sea;false;ocean;0
2759;35;8;25;sea;false;ocean;0
2760;8;30;35;sea;false;ocean;0
2761;70;7;7;sea;false;ocean;0
2762;4;51;2;sea;false;ocean;0
2763;6;49;37;sea;false;ocean;0
2764;3;91;5;sea;false;ocean;0
2765;64;3;7;sea;false;ocean;0
2766;49;26;20;sea;false;ocean;0
2767;29;24;34;sea;false;ocean;0
2768;25;15;10;sea;false;ocean;0
2769;52;20;9;sea;false;ocean;0
2770;11;36;44;sea;true;ocean;0
2771;9;32;35;sea;false;ocean;0
2772;20;48;10;sea;false;ocean;0
2773;72;19;1;sea;false;ocean;0
2774;23;7;58;sea;false;ocean;0
2775;13;49;24;sea;false;ocean;0
2776;4;9;29;sea;false;ocean;0
2777;20;103;7;lake;false;lakes;0
2778;82;42;9;lake;false;lakes;0
2779;61;27;36;lake;false;lakes;0
2780;83;21;32;lake;false;lakes;0
2781;47;68;33;lake;false;lakes;0
2782;15;105;29;lake;false;lakes;0
2783;25;10;74;lake;false;lakes;0
2784;49;17;35;lake;false;lakes;0
2785;63;46;24;lake;false;lakes;0
2786;15;37;66;lake;false;lakes;0
2787;33;26;81;lake;false;lakes;0
2788;43;9;73;lake;false;lakes;0
2789;3;60;53;lake;false;lakes;0
2790;85;41;3;lake;false;lakes;0
2791;0;20;124;lake;false;lakes;0
